ticker_yf,code,market,company,sector,exchange,current_price,price_return_pct,revenue_yoy_pct,net_income_yoy_pct,net_income_turned_negative,market_cap,pe_ratio,pct_from_52wk_high,revenue_cagr_pct,revenue_accelerating,gross_margin_pct,gross_margin_trend_pp,net_margin_pct,peg_ratio,rule_of_40,last_updated_utc
CTD.AX,CTD,ASX,Corporate Travel Management,Consumer Discretionary,ASX,2.74,-82.9,-10.2,-512.7,True,400932545,,-82.9,19.2,False,98.6,-0.1,-54.8,,-65.0,2026-09-22 11:38 UTC
TUA.AX,TUA,ASX,Tuas,Communication Services,ASX,2.33,-69.3,29.2,257.8,False,1277763037,185.2,-70.1,38.1,False,68.1,-1.4,4.6,0.72,33.8,2026-09-22 11:38 UTC
CSGP,CSGP,US,CoStar Group,Real Estate,NASDAQ,29.04,-66.4,18.7,-95.0,False,11766938326,1681.0,-66.5,14.2,True,78.9,-0.7,0.2,,18.9,2026-09-22 11:38 UTC
WTC.AX,WTC,ASX,Wisetech Global,Information Technology,ASX,32.68,-66.0,,,False,10990383646,,-66.4,,,,,,,,2026-09-22 11:38 UTC
FISV,FISV,US,Fiserv,Financials,NASDAQ,46.47,-64.4,3.6,11.1,False,24711200174,7.1,-64.7,6.1,False,59.4,-1.5,16.4,0.64,20.0,2026-09-22 11:38 UTC
XRO.AX,XRO,ASX,Xero,Information Technology,ASX,61.05,-62.7,20.1,-32.6,False,10785188775,77.3,-63.1,20.6,False,83.9,-5.2,6.1,,26.2,2026-09-22 11:38 UTC
360.AX,360,ASX,Life360,Information Technology,ASX,19.23,-62.7,31.8,3411.4,False,4700602376,31.2,-65.6,28.9,True,77.8,2.7,30.8,0.01,62.6,2026-09-22 11:38 UTC
PXA.AX,PXA,ASX,Pexa Group,Real Estate,ASX,6.89,-58.2,1.7,79.1,False,1212200408,,-58.2,13.1,False,82.7,-0.4,-4.0,,-2.3,2026-09-22 11:38 UTC
PODD,PODD,US,Insulet Corporation,Health Care,NASDAQ,140.53,-58.1,30.7,-40.9,False,9746345501,39.4,-60.4,27.5,True,71.6,1.8,9.1,,39.8,2026-09-22 11:38 UTC
GDG.AX,GDG,ASX,Generation Development Group,Financials,ASX,3.01,-57.4,-5.9,-16.5,False,1207795534,37.8,-61.3,35.4,False,,,5.4,,-0.4,2026-09-22 11:38 UTC
SEK.AX,SEK,ASX,Seek,Communication Services,ASX,12.11,-56.6,17.1,-251.4,True,4335018878,,-59.4,1.6,True,,,-28.9,,-11.8,2026-09-22 11:38 UTC
INTU,INTU,US,Intuit,Information Technology,NASDAQ,304.12,-56.2,13.9,18.0,False,81271811015,17.8,-56.8,14.3,False,80.2,0.6,21.3,0.99,35.2,2026-09-22 11:38 UTC
BSX,BSX,US,Boston Scientific,Health Care,NYSE,43.72,-54.9,19.9,56.3,False,63360316646,21.9,-58.6,16.5,True,69.0,0.4,14.4,0.39,34.3,2026-09-22 11:38 UTC
ORCL,ORCL,US,Oracle Corporation,Information Technology,NYSE,148.56,-54.2,17.3,37.3,False,449206212778,26.3,-54.3,10.5,True,65.8,-4.7,25.4,0.7,42.7,2026-09-22 11:38 UTC
CHTR,CHTR,US,Charter Communications,Communication Services,NASDAQ,123.35,-53.7,-0.6,-1.9,False,14118344415,2.8,-56.8,0.5,False,56.5,0.7,9.1,,8.5,2026-09-22 11:38 UTC
ARB.AX,ARB,ASX,ARB Corporation,Consumer Discretionary,ASX,18.05,-52.5,-3.8,-5.2,False,1510064326,16.3,-55.2,1.5,False,57.6,0.9,13.2,,9.3,2026-09-22 11:38 UTC
ZIP.AX,ZIP,ASX,Zip,Financials,ASX,2.24,-51.8,24.7,45.7,False,2790864848,24.0,-54.6,24.4,True,59.9,-2.4,8.7,0.53,33.4,2026-09-22 11:38 UTC
COH.AX,COH,ASX,Cochlear,Healthcare,ASX,141.08,-50.7,0.2,-62.1,False,9226479330,62.6,-52.4,6.6,False,70.7,-3.1,6.3,,6.5,2026-09-22 11:38 UTC
LLC.AX,LLC,ASX,Lendlease,Real Estate,ASX,2.49,-50.3,-30.0,-432.9,True,1721585367,,-57.4,-19.6,False,6.2,0.9,-14.1,,-44.1,2026-09-22 11:38 UTC
DRO.AX,DRO,ASX,Droneshield,Industrials,ASX,1.66,-49.8,276.4,366.7,False,1533990661,435.7,-75.2,134.4,True,60.9,-10.8,1.6,1.19,278.0,2026-09-22 11:38 UTC
ZTS,ZTS,US,Zoetis,Health Care,NYSE,71.33,-49.7,2.3,7.5,False,29475240287,11.0,-52.1,5.4,False,71.8,1.2,28.2,1.47,30.5,2026-09-22 11:38 UTC
APTV,APTV,US,Aptiv,Consumer Discretionary,NYSE,43.57,-49.0,3.5,-90.8,False,9046584168,54.8,-51.0,5.3,True,19.1,0.3,0.8,,4.3,2026-09-22 11:38 UTC
PNR,PNR,US,Pentair,Industrials,NYSE,55.78,-48.7,2.3,4.5,False,8902487805,13.6,-51.0,0.4,True,40.5,1.3,15.7,3.0,17.9,2026-09-22 11:38 UTC
APP,APP,US,AppLovin,Communication Services,NASDAQ,330.17,-48.7,70.0,111.0,False,110917156159,33.3,-55.7,24.8,False,87.9,4.0,60.8,0.3,130.8,2026-09-22 11:38 UTC
PME.AX,PME,ASX,Pro Medicus,Healthcare,ASX,164.33,-48.4,22.9,130.3,False,17167549375,64.7,-48.6,28.0,False,,,101.4,0.5,124.3,2026-09-22 11:38 UTC
NKE,NKE,US,"Nike, Inc.",Consumer Discretionary,NYSE,36.1,-47.7,0.2,-3.4,False,53554300915,17.2,-53.1,-3.2,True,42.9,0.2,6.7,,6.9,2026-09-22 11:38 UTC
PSKY,PSKY,US,Paramount Skydance Corporation,Communication Services,NASDAQ,9.91,-45.8,-1.5,-918.1,False,11118482499,,-52.5,0.7,True,29.6,5.1,-21.2,,-22.7,2026-09-22 11:38 UTC
NCLH,NCLH,US,Norwegian Cruise Line Holdings,Consumer Discretionary,NYSE,14.24,-43.9,3.7,-53.5,False,6538834822,15.4,-45.4,26.6,False,42.6,2.6,4.3,,8.0,2026-09-22 11:38 UTC
FIS,FIS,US,Fidelity National Information Services,Financials,NYSE,35.19,-43.5,5.4,-73.7,False,18147690511,47.5,-49.1,3.2,True,36.9,-0.7,3.6,,9.0,2026-09-22 11:38 UTC
PMV.AX,PMV,ASX,Premier Investments,Consumer Discretionary,ASX,11.21,-43.3,-2.9,-4.9,False,1788773552,6.9,-47.9,3.3,False,62.6,0.4,16.2,,13.3,2026-09-22 11:38 UTC
TSCO,TSCO,US,Tractor Supply,Consumer Discretionary,NASDAQ,32.33,-43.1,4.3,-0.5,False,16845228583,15.4,-44.9,3.0,True,36.4,0.2,7.1,,11.4,2026-09-22 11:38 UTC
AXON,AXON,US,Axon Enterprise,Industrials,NASDAQ,452.06,-41.7,33.5,-66.9,False,36724185627,294.6,-42.9,32.8,True,59.7,0.0,4.5,,38.0,2026-09-22 11:38 UTC
LULU,LULU,US,Lululemon Athletica,Consumer Discretionary,NASDAQ,101.3,-41.6,4.9,-13.0,False,11214925870,7.1,-55.2,11.0,False,56.6,-2.6,14.2,,19.1,2026-09-22 11:38 UTC
ROL,ROL,US,"Rollins, Inc.",Industrials,NYSE,32.35,-40.9,11.0,12.9,False,15565053085,29.6,-51.1,11.7,True,52.8,0.1,14.0,2.28,25.0,2026-09-22 11:38 UTC
JBH.AX,JBH,ASX,JB Hi-Fi,Consumer Discretionary,ASX,66.88,-40.6,4.8,5.9,False,7312256349,14.9,-44.3,4.7,False,22.4,0.1,4.4,2.51,9.3,2026-09-22 11:38 UTC
HVN.AX,HVN,ASX,Harvey Norman,Consumer Discretionary,ASX,4.14,-40.4,4.7,2.0,False,5158467381,9.8,-46.2,2.7,False,51.0,0.0,12.3,4.84,16.9,2026-09-22 11:38 UTC
NFLX,NFLX,US,Netflix,Communication Services,NASDAQ,73.36,-40.2,15.9,26.1,False,305466617173,27.8,-41.2,12.6,True,48.5,2.4,24.3,1.07,40.2,2026-09-22 11:38 UTC
FICO,FICO,US,Fair Isaac,Information Technology,NYSE,924.52,-39.9,15.9,27.1,False,19967445932,30.6,-53.7,13.1,True,82.2,2.5,32.7,1.13,48.7,2026-09-22 11:38 UTC
COIN,COIN,US,Coinbase,Financials,NASDAQ,201.05,-39.4,9.4,-51.1,False,53044414174,42.1,-50.0,31.0,False,74.6,-0.1,17.6,,27.0,2026-09-22 11:38 UTC
NRG,NRG,US,NRG Energy,Utilities,NYSE,103.28,-38.8,9.2,-23.2,False,21710538428,25.1,-45.6,-0.9,True,19.4,-2.1,2.8,,12.0,2026-09-22 11:38 UTC
RDDT,RDDT,US,Reddit,Communication Services,NYSE,158.73,-38.4,69.4,209.4,False,30539097210,57.7,-39.8,48.9,True,91.2,0.7,24.1,0.28,93.4,2026-09-22 11:38 UTC
ASB.AX,ASB,ASX,Austal,Industrials,ASX,4.55,-38.2,11.3,-159.7,True,1920437745,,-48.4,8.6,False,1.9,-10.7,-2.6,,8.6,2026-09-22 11:38 UTC
TYL,TYL,US,Tyler Technologies,Information Technology,NYSE,332.46,-38.0,9.1,20.0,False,13614992664,43.1,-38.3,8.0,False,46.5,2.7,13.5,2.16,22.6,2026-09-22 11:38 UTC
EFX,EFX,US,Equifax,Industrials,NYSE,158.62,-37.6,6.9,9.3,False,18635453630,28.2,-38.6,5.8,False,56.4,0.8,10.9,3.03,17.8,2026-09-22 11:38 UTC
NWL.AX,NWL,ASX,Netwealth Group,Financials,ASX,19.18,-36.6,19.0,-47.9,False,4709179280,77.6,-43.0,21.6,False,,,16.3,,35.3,2026-09-22 11:38 UTC
CPRT,CPRT,US,Copart,Industrials,NASDAQ,28.91,-36.3,9.7,13.9,False,26765209803,17.2,-37.0,9.9,True,45.2,0.2,33.4,1.24,43.1,2026-09-22 11:38 UTC
EBO.AX,EBO,ASX,EBOS Group,Healthcare,ASX,15.7,-35.7,24.2,18.3,False,3250120184,11.9,-41.3,7.2,True,12.9,-0.4,1.7,0.65,25.9,2026-09-22 11:38 UTC
LOV.AX,LOV,ASX,Lovisa,Consumer Discretionary,ASX,24.37,-35.5,,,False,2698697192,,-38.1,,,,,,,,2026-09-22 11:38 UTC
CAR.AX,CAR,ASX,CAR Group,Communication Services,ASX,23.56,-35.4,5.9,13.9,False,8930896230,28.5,-39.1,17.1,False,98.5,3.2,25.0,2.05,30.9,2026-09-22 11:38 UTC
VST,VST,US,Vistra Corp.,Utilities,NYSE,140.78,-35.0,3.0,-64.5,False,47250722342,50.1,-35.2,8.9,False,32.9,-10.8,5.3,,8.3,2026-09-22 11:38 UTC
NXT.AX,NXT,ASX,NextDC,Information Technology,ASX,11.4,-34.9,16.2,235.5,False,8669568735,105.6,-35.3,11.1,True,81.6,-0.4,16.5,0.45,32.7,2026-09-22 11:38 UTC
LEN,LEN,US,Lennar,Consumer Discretionary,NYSE,78.08,-34.7,-3.5,-47.2,False,18809093128,9.1,-41.6,0.5,False,9.9,-5.6,6.1,,2.5,2026-09-22 11:38 UTC
SNZ.AX,SNZ,ASX,Summerset Group Holdings,Healthcare,ASX,6.2,-34.5,13.3,-23.6,False,1515104673,5.8,-48.7,15.0,False,90.0,-0.4,72.0,,85.2,2026-09-22 11:38 UTC
PTC,PTC,US,PTC Inc.,Information Technology,NASDAQ,135.28,-34.3,19.2,95.0,False,14678726856,20.0,-34.8,12.3,True,83.8,3.1,26.8,0.21,46.0,2026-09-22 11:38 UTC
ARE,ARE,US,Alexandria Real Estate Equities,Real Estate,NYSE,53.34,-34.1,-3.4,-542.7,True,9179562101,,-39.1,4.6,False,68.7,-1.5,-48.5,,-52.0,2026-09-22 11:38 UTC
WYNN,WYNN,US,Wynn Resorts,Consumer Discretionary,NASDAQ,83.32,-33.3,0.1,-34.7,False,8579784567,26.2,-38.2,23.9,False,41.4,-2.1,4.6,,4.7,2026-09-22 11:38 UTC
HUB.AX,HUB,ASX,HUB24,Financials,ASX,70.21,-32.8,22.6,51.2,False,5741336879,47.8,-42.5,21.1,False,,,24.5,0.93,47.1,2026-09-22 11:38 UTC
CYL.AX,CYL,ASX,Catalyst Metals,Materials,ASX,5.78,-32.7,,,False,1524006974,,-41.0,,,,,,,,2026-09-22 11:38 UTC
ADSK,ADSK,US,Autodesk,Information Technology,NASDAQ,218.85,-32.5,17.5,1.1,False,45739651276,40.7,-32.9,12.9,True,91.0,0.4,15.6,37.71,33.1,2026-09-22 11:38 UTC
AZO,AZO,US,AutoZone,Consumer Discretionary,NYSE,2803.25,-32.0,2.4,-6.2,False,45764051404,18.3,-35.3,5.2,False,52.6,-0.5,13.2,,15.6,2026-09-22 11:38 UTC
RYM.AX,RYM,ASX,Ryman Healthcare,Healthcare,ASX,1.64,-32.0,9.7,-9248.3,True,1665822402,,-37.9,12.3,False,,,-61.2,,-51.5,2026-09-22 11:38 UTC
ADBE,ADBE,US,Adobe Inc.,Information Technology,NASDAQ,249.52,-31.5,10.5,28.2,False,99184201698,13.9,-32.3,10.5,False,89.3,0.2,30.0,0.49,40.5,2026-09-22 11:38 UTC
DYL.AX,DYL,ASX,Deep Yellow,Energy,ASX,1.38,-31.4,,,False,1349329580,101.2,-53.4,,,,,,,,2026-09-22 11:38 UTC
REA.AX,REA,ASX,REA Group,Communication Services,ASX,157.17,-31.2,4.3,-18.6,False,20567236412,37.3,-33.0,13.0,False,97.6,1.1,27.4,,31.7,2026-09-22 11:38 UTC
LII,LII,US,Lennox International,Industrials,NYSE,363.64,-31.2,-2.7,-0.7,False,12567644363,15.6,-38.1,3.3,False,33.4,0.1,15.5,,12.8,2026-09-22 11:38 UTC
LDOS,LDOS,US,Leidos,Industrials,NYSE,128.23,-31.0,3.1,15.5,False,16091865424,11.1,-37.7,6.1,False,18.0,1.3,8.4,0.72,11.5,2026-09-22 11:38 UTC
CIA.AX,CIA,ASX,Champion Iron,Materials,ASX,3.19,-30.9,10.2,18.8,False,1786549713,10.6,-52.3,8.3,True,23.1,-1.9,9.5,0.56,19.7,2026-09-22 11:38 UTC
KKR,KKR,US,KKR & Co.,Financials,NYSE,100.83,-30.9,-11.2,-22.9,False,90508599292,38.2,-33.7,51.1,False,18.0,0.2,12.3,,1.1,2026-09-22 11:38 UTC
BR,BR,US,Broadridge Financial Solutions,Industrials,NYSE,164.62,-30.3,8.5,33.9,False,18770267830,16.7,-32.0,7.2,True,31.8,0.8,15.0,0.49,23.6,2026-09-22 11:38 UTC
WAM.AX,WAM,ASX,WAM Capital,Financials,ASX,1.18,-30.0,-152.0,-157.3,True,1343076828,,-38.7,,False,,,74.7,,-77.3,2026-09-22 11:38 UTC
BRO,BRO,US,Brown & Brown,Financials,NYSE,64.3,-29.9,22.5,6.1,False,21515446976,20.4,-33.4,17.4,True,49.1,0.2,18.3,3.32,40.8,2026-09-22 11:38 UTC
TRMB,TRMB,US,Trimble Inc.,Information Technology,NASDAQ,57.75,-29.7,-2.6,-71.8,False,13462190222,31.8,-31.6,-0.8,True,69.1,4.0,11.8,,9.2,2026-09-22 11:38 UTC
IT,IT,US,Gartner,Information Technology,NYSE,183.32,-29.5,3.7,-41.8,False,11576470743,15.9,-31.0,5.9,False,68.4,0.7,11.2,,14.9,2026-09-22 11:38 UTC
ORA.AX,ORA,ASX,Orora,Materials,ASX,1.41,-29.1,6.5,-163.4,True,1733860014,,-41.8,-19.7,True,21.5,-1.6,-27.7,,-21.2,2026-09-22 11:38 UTC
BX,BX,US,Blackstone Inc.,Financials,NYSE,126.41,-29.1,13.5,8.7,False,94886523410,31.4,-33.4,20.3,False,,,24.3,3.6,37.9,2026-09-22 11:38 UTC
DECK,DECK,US,Deckers Brands,Consumer Discretionary,NYSE,80.23,-29.1,9.8,6.0,False,10925870844,10.7,-34.4,14.7,False,57.7,-0.2,18.7,1.78,28.5,2026-09-22 11:38 UTC
GDDY,GDDY,US,GoDaddy,Information Technology,NYSE,104.77,-29.1,8.3,-6.6,False,13268879523,15.2,-29.2,6.6,True,63.6,-0.3,17.7,,25.9,2026-09-22 11:38 UTC
DPZ,DPZ,US,Domino's,Consumer Discretionary,NASDAQ,295.94,-28.9,5.0,3.0,False,9790208737,16.3,-33.1,2.9,False,40.0,0.7,12.2,5.42,17.1,2026-09-22 11:38 UTC
TMUS,TMUS,US,T-Mobile US,Communication Services,NASDAQ,165.27,-28.9,8.5,-3.1,False,177280442063,16.1,-31.8,3.5,True,62.9,-0.7,12.4,,20.9,2026-09-22 11:38 UTC
SGP.AX,SGP,ASX,Stockland,Real Estate,ASX,4.19,-28.8,14.6,20.3,False,10188589010,10.3,-37.9,8.5,True,35.6,-3.3,27.7,0.5,42.3,2026-09-22 11:38 UTC
VRSK,VRSK,US,Verisk Analytics,Industrials,NASDAQ,172.02,-28.8,6.6,-5.1,False,22389437740,24.6,-32.1,7.2,False,69.9,1.1,29.6,,36.2,2026-09-22 11:38 UTC
UBER,UBER,US,Uber,Industrials,NYSE,70.84,-28.7,18.3,2.0,False,144694951492,14.4,-30.1,17.7,True,39.8,0.4,19.3,7.2,37.6,2026-09-22 11:38 UTC
APE.AX,APE,ASX,Eagers Automotive,Consumer Discretionary,ASX,19.51,-28.2,16.5,10.5,False,5505426254,24.3,-45.3,15.2,True,16.9,-1.0,1.7,2.31,18.3,2026-09-22 11:38 UTC
ROP,ROP,US,Roper Technologies,Information Technology,NASDAQ,365.4,-27.7,12.3,-0.8,False,36138378756,23.5,-29.9,13.7,False,69.2,-0.1,19.4,,31.7,2026-09-22 11:38 UTC
ARES,ARES,US,Ares Management,Financials,NYSE,126.67,-27.5,44.2,13.7,False,28810793789,54.6,-32.2,22.4,True,54.2,-1.2,9.4,3.98,53.6,2026-09-22 11:38 UTC
REG.AX,REG,ASX,Regis Healthcare,Healthcare,ASX,4.77,-27.5,16.3,13.8,False,1442755225,25.9,-41.8,80.2,True,,,4.1,1.88,20.4,2026-09-22 11:38 UTC
NOW,NOW,US,ServiceNow,Information Technology,NYSE,137.68,-27.4,20.9,22.7,False,142342112588,81.4,-29.3,22.4,False,77.5,-1.6,13.2,3.59,34.0,2026-09-22 11:38 UTC
SYK,SYK,US,Stryker Corporation,Health Care,NYSE,274.19,-26.8,11.2,8.5,False,105171894419,32.4,-30.2,10.8,True,64.0,0.1,12.9,3.83,24.1,2026-09-22 11:38 UTC
SGH.AX,SGH,ASX,SGH,Industrials,ASX,36.51,-26.7,-1.4,31.8,False,14807069619,21.5,-29.8,3.2,False,38.9,1.5,6.5,0.68,5.1,2026-09-22 11:38 UTC
WOR.AX,WOR,ASX,Worley,Energy,ASX,9.78,-26.6,-4.8,-41.8,False,4769316655,20.0,-33.1,-1.9,False,5.6,-2.7,2.2,,-2.6,2026-09-22 11:38 UTC
DASH,DASH,US,DoorDash,Consumer Discretionary,NASDAQ,193.83,-26.2,27.9,660.2,False,83985697408,89.8,-32.1,27.7,True,50.9,2.6,6.8,0.14,34.7,2026-09-22 11:38 UTC
CCL,CCL,US,Carnival Corporation,Consumer Discretionary,NYSE,22.31,-26.2,6.4,44.1,False,30556871113,11.1,-34.4,29.8,False,40.1,2.6,10.4,0.25,16.8,2026-09-22 11:38 UTC
TWE.AX,TWE,ASX,Treasury Wine Estates,Consumer Staples,ASX,5.42,-26.0,-12.8,-346.7,True,4384440011,,-26.7,1.9,False,35.8,-10.8,-42.1,,-54.9,2026-09-22 11:38 UTC
CLX,CLX,US,Clorox,Consumer Staples,NYSE,84.88,-25.9,-5.4,-27.5,False,10264623372,17.5,-34.2,-3.1,False,42.3,-2.9,8.7,,3.3,2026-09-22 11:38 UTC
HD,HD,US,Home Depot (The),Consumer Discretionary,NYSE,297.2,-25.8,3.2,-4.4,False,296513369026,20.9,-28.2,1.5,False,33.3,-0.1,8.6,,11.8,2026-09-22 11:38 UTC
MOS,MOS,US,Mosaic Company (The),Materials,NYSE,24.07,-25.4,8.4,209.1,False,7651748102,14.2,-34.9,-14.3,True,15.8,2.2,4.5,0.07,12.8,2026-09-22 11:38 UTC
LOW,LOW,US,Lowe's,Consumer Discretionary,NYSE,190.98,-25.1,3.1,-4.4,False,107083828295,16.1,-34.8,-3.8,True,33.5,0.2,7.7,,10.8,2026-09-22 11:38 UTC
GIS,GIS,US,General Mills,Consumer Staples,NYSE,35.41,-24.9,-5.4,-103.8,True,18898614221,,-31.0,-2.9,False,33.6,-0.9,-0.5,,-5.9,2026-09-22 11:38 UTC
ERIE,ERIE,US,Erie Indemnity,Financials,NASDAQ,235.95,-24.9,7.4,-6.8,False,12337794195,22.1,-28.6,13.3,False,,,13.5,,20.9,2026-09-22 11:38 UTC
XYL,XYL,US,Xylem Inc.,Industrials,NYSE,107.24,-24.2,5.5,7.5,False,25039125220,26.2,-30.5,17.8,False,38.5,0.9,10.6,3.48,16.1,2026-09-22 11:38 UTC
CEG,CEG,US,Constellation Energy,Utilities,NASDAQ,262.11,-24.1,8.3,-38.1,False,92867501920,40.0,-36.5,1.5,True,18.4,-7.0,9.1,,17.4,2026-09-22 11:38 UTC
GQG.AX,GQG,ASX,GQG Partners,Financials,ASX,1.13,-24.1,4.9,7.3,False,3398639126,7.3,-42.2,22.6,False,,,59.4,1.0,64.4,2026-09-22 11:38 UTC
OTIS,OTIS,US,Otis Worldwide,Industrials,NYSE,66.64,-23.8,1.2,-15.9,False,25367804519,18.3,-29.5,1.8,True,30.3,0.4,9.6,,10.8,2026-09-22 11:38 UTC
RMD.AX,RMD,ASX,ResMed,Healthcare,ASX,31.55,-23.6,9.9,8.8,False,45511601442,29.9,-27.1,10.2,True,61.1,1.7,26.9,3.41,36.8,2026-09-22 11:38 UTC
PNI.AX,PNI,ASX,Pinnacle Investment Management,Financials,ASX,13.85,-23.2,26.4,31.5,False,3337642467,18.9,-34.5,23.2,False,,,203.9,0.6,230.4,2026-09-22 11:38 UTC
CRH,CRH,US,CRH plc,Materials,NYSE,87.14,-23.2,5.3,7.9,False,57972891882,15.5,-33.8,4.6,True,36.1,0.4,10.0,1.98,15.2,2026-09-22 11:38 UTC
MTS.AX,MTS,ASX,Metcash,Consumer Staples,ASX,2.84,-23.1,0.2,-1.5,False,3123222191,11.2,-28.6,3.2,False,13.5,0.6,1.6,,1.8,2026-09-22 11:38 UTC
GMG.AX,GMG,ASX,Goodman Group,Real Estate,ASX,26.0,-23.0,23.5,66.7,False,53423619132,19.2,-25.2,9.6,True,69.4,7.6,108.8,0.29,132.3,2026-09-22 11:38 UTC
ABT,ABT,US,Abbott Laboratories,Health Care,NYSE,102.98,-22.9,5.7,-51.3,False,178194877631,27.3,-24.8,0.5,True,56.4,1.0,14.7,,20.4,2026-09-22 11:38 UTC
SUL.AX,SUL,ASX,Super Retail Group,Consumer Discretionary,ASX,12.31,-22.9,3.2,-7.2,False,2779924310,13.5,-30.3,3.4,False,45.7,0.1,4.9,,8.1,2026-09-22 11:38 UTC
BXB.AX,BXB,ASX,Brambles,Industrials,ASX,18.59,-22.3,7.6,22.3,False,24735812338,25.9,-27.3,8.2,False,49.4,0.0,13.5,1.16,21.1,2026-09-22 11:38 UTC
LVS,LVS,US,Las Vegas Sands,Consumer Discretionary,NYSE,40.26,-22.2,15.2,12.5,False,26076448581,16.0,-42.9,46.9,True,49.8,0.9,12.5,1.28,27.7,2026-09-22 11:38 UTC
RCL,RCL,US,Royal Caribbean Group,Consumer Discretionary,NYSE,250.25,-22.2,8.8,48.3,False,66929884021,15.7,-29.8,26.6,False,49.4,1.8,23.8,0.32,32.6,2026-09-22 11:38 UTC
FDXF,FDXF,US,FedEx Freight,Industrials,NYSE,117.6,-22.1,-1.1,-51.3,False,17583332213,26.8,-41.2,-4.5,True,29.0,-2.5,7.4,,6.4,2026-09-22 11:38 UTC
BKNG,BKNG,US,Booking Holdings,Consumer Discretionary,NASDAQ,168.52,-22.1,13.4,-8.1,False,126622645070,23.4,-25.1,16.3,True,,,20.1,,33.5,2026-09-22 11:38 UTC
BPT.AX,BPT,ASX,Beach Energy,Energy,ASX,0.87,-22.0,-8.8,742.5,False,1973353634,7.0,-35.2,5.9,False,51.1,-2.5,14.6,0.01,5.9,2026-09-22 11:38 UTC
SNPS,SNPS,US,Synopsys,Information Technology,NASDAQ,401.85,-21.9,15.1,-41.1,False,77009187365,57.8,-25.5,15.2,False,77.0,-2.7,18.9,,34.0,2026-09-22 11:38 UTC
NVR,NVR,US,"NVR, Inc.",Consumer Discretionary,NYSE,6188.95,-21.9,-1.9,-20.3,False,16492685817,12.3,-24.5,-0.6,False,23.1,-2.4,13.0,,11.0,2026-09-22 11:38 UTC
MKC,MKC,US,McCormick & Company,Consumer Staples,NYSE,48.89,-21.9,1.7,0.1,False,13144152213,16.7,-32.5,2.5,True,37.9,-0.6,11.5,145.88,13.3,2026-09-22 11:38 UTC
TNE.AX,TNE,ASX,TechnologyOne,Information Technology,ASX,29.64,-21.5,18.2,16.6,False,9703203385,70.5,-25.9,17.6,True,86.3,-1.6,23.0,4.24,41.2,2026-09-22 11:38 UTC
PYPL,PYPL,US,PayPal,Financials,NASDAQ,52.62,-21.4,4.3,26.2,False,45014350276,8.6,-33.6,6.4,False,46.6,0.5,15.8,0.33,20.1,2026-09-22 11:38 UTC
CLW.AX,CLW,ASX,Charter Hall Long WALE REIT,Real Estate,ASX,3.39,-21.2,5.6,133.3,False,2448787872,8.9,-26.3,-4.7,True,69.8,1.3,143.8,0.07,149.4,2026-09-22 11:38 UTC
CDNS,CDNS,US,Cadence Design Systems,Information Technology,NASDAQ,294.9,-21.0,14.1,5.1,False,81213394019,73.2,-29.2,14.1,True,86.4,0.3,20.9,14.47,35.1,2026-09-22 11:38 UTC
ACN,ACN,US,Accenture,Information Technology,NYSE,186.11,-20.9,7.4,5.7,False,113888546279,14.8,-36.1,4.2,True,31.9,-0.7,11.0,2.6,18.4,2026-09-22 11:38 UTC
WDAY,WDAY,US,"Workday, Inc.",Information Technology,NASDAQ,191.92,-20.9,13.1,31.7,False,46252719559,66.7,-23.2,15.4,False,75.7,0.2,7.3,2.1,20.3,2026-09-22 11:38 UTC
COO,COO,US,Cooper Companies (The),Health Care,NASDAQ,54.12,-20.4,5.1,-4.4,False,10291204308,27.5,-39.8,7.3,False,65.5,-1.1,9.2,,14.2,2026-09-22 11:38 UTC
AJG,AJG,US,Arthur J. Gallagher & Co.,Financials,NYSE,236.61,-20.2,20.7,2.1,False,60652844166,40.6,-24.5,17.7,True,42.6,0.4,10.7,19.16,31.4,2026-09-22 11:38 UTC
IDXX,IDXX,US,Idexx Laboratories,Health Care,NASDAQ,515.3,-20.0,10.4,19.3,False,40595908113,38.3,-33.1,8.5,True,61.8,0.8,24.6,1.98,35.0,2026-09-22 11:38 UTC
ORLY,ORLY,US,O'Reilly Automotive,Consumer Discretionary,NASDAQ,82.88,-19.9,6.4,6.3,False,67046668219,26.4,-23.8,7.3,True,51.6,0.4,14.3,4.16,20.7,2026-09-22 11:38 UTC
IP,IP,US,International Paper,Materials,NYSE,35.33,-19.7,49.3,-731.2,True,18709705360,,-29.7,3.8,True,29.6,1.6,-14.9,,34.4,2026-09-22 11:38 UTC
TPG.AX,TPG,ASX,TPG Telecom,Communication Services,ASX,3.86,-19.6,-8.7,530.8,False,7577293278,16.4,-34.0,-2.4,False,53.2,-4.8,9.1,0.03,0.5,2026-09-22 11:38 UTC
AOS,AOS,US,A. O. Smith,Industrials,NYSE,56.96,-19.4,0.3,2.4,False,7741352194,14.2,-30.4,0.7,True,38.8,0.7,14.3,6.0,14.6,2026-09-22 11:38 UTC
MGR.AX,MGR,ASX,Mirvac,Real Estate,ASX,1.77,-19.2,6.3,895.6,False,7003901791,10.3,-27.8,13.0,True,30.1,6.4,26.0,0.01,32.4,2026-09-22 11:38 UTC
WES.AX,WES,ASX,Wesfarmers,Consumer Discretionary,ASX,73.32,-18.9,3.4,-1.8,False,83238929270,29.0,-22.6,2.8,False,34.1,-0.3,6.1,,9.5,2026-09-22 11:38 UTC
MLM,MLM,US,Martin Marietta Materials,Materials,NYSE,499.67,-18.9,8.6,-43.0,False,35486255558,31.2,-29.7,-0.1,True,30.7,1.8,18.5,,27.1,2026-09-22 11:38 UTC
CHC.AX,CHC,ASX,Charter Hall,Real Estate,ASX,18.26,-18.5,1.5,30.6,False,8634386020,20.2,-29.6,-17.0,True,,,95.3,0.66,96.8,2026-09-22 11:38 UTC
CMCSA,CMCSA,US,Comcast,Communication Services,NASDAQ,22.93,-18.5,-0.0,23.5,False,81370237702,4.1,-30.2,0.6,False,71.7,1.7,16.2,0.17,16.1,2026-09-22 11:38 UTC
CCI,CCI,US,Crown Castle,Real Estate,NYSE,73.22,-18.3,-4.4,111.4,False,31151847763,70.2,-27.1,-15.2,True,74.1,-1.5,10.4,0.63,6.0,2026-09-22 11:38 UTC
DXS.AX,DXS,ASX,Dexus,Real Estate,ASX,5.57,-18.2,-28.1,290.0,False,5974326284,9.8,-27.9,-7.5,False,80.8,4.7,92.2,0.03,64.1,2026-09-22 11:38 UTC
VICI,VICI,US,Vici Properties,Real Estate,NYSE,24.05,-18.1,4.1,3.6,False,26480914526,9.5,-27.1,15.5,False,99.3,0.0,69.3,2.64,73.4,2026-09-22 11:38 UTC
A2M.AX,A2M,ASX,a2 Milk Company,Consumer Staples,ASX,6.55,-18.0,3.8,-44.0,False,4768765956,42.0,-34.3,7.4,False,47.7,1.6,5.8,,9.6,2026-09-22 11:38 UTC
RMD,RMD,US,ResMed|,Health Care,NYSE,223.61,-17.7,9.9,8.8,False,32256258233,21.2,-21.5,10.2,True,61.1,1.7,26.9,2.42,36.8,2026-09-22 11:38 UTC
CMG,CMG,US,Chipotle Mexican Grill,Consumer Discretionary,NYSE,33.14,-17.4,5.4,0.1,False,42016150546,27.4,-22.6,11.4,False,25.4,-1.3,12.9,254.22,18.3,2026-09-22 11:38 UTC
AON,AON,US,Aon plc,Financials,NYSE,290.82,-17.3,9.4,39.2,False,61690320270,16.7,-23.9,11.2,False,47.7,0.5,21.5,0.43,31.0,2026-09-22 11:38 UTC
KMB,KMB,US,Kimberly-Clark,Consumer Staples,NASDAQ,97.74,-17.2,-2.1,-20.6,False,32506274464,16.1,-22.0,-6.6,False,36.0,-1.4,12.3,,10.2,2026-09-22 11:38 UTC
SPK.AX,SPK,ASX,Spark New Zealand,Communication Services,ASX,1.62,-17.0,0.4,91.9,False,3062010784,6.1,-24.7,-2.1,True,48.6,-1.4,13.7,0.07,14.1,2026-09-22 11:38 UTC
VMC,VMC,US,Vulcan Materials Company,Materials,NYSE,246.2,-17.0,7.1,18.1,False,31902285146,29.6,-25.6,2.8,True,27.4,0.4,13.6,1.64,20.6,2026-09-22 11:38 UTC
TTWO,TTWO,US,Take-Two Interactive,Communication Services,NASDAQ,209.92,-16.6,18.2,93.3,False,39250934252,,-21.1,7.6,True,57.2,2.9,-4.5,,13.7,2026-09-22 11:38 UTC
EDV.AX,EDV,ASX,Endeavour Group,Consumer Staples,ASX,2.95,-16.6,1.3,-87.8,False,5297390821,101.9,-28.4,0.9,True,34.4,-0.7,0.4,,1.7,2026-09-22 11:38 UTC
STE,STE,US,Steris,Health Care,NYSE,206.97,-16.4,8.7,27.3,False,20179597886,25.8,-23.2,9.4,True,44.2,0.2,13.2,0.95,21.9,2026-09-22 11:38 UTC
MCD,MCD,US,McDonald's,Consumer Discretionary,NYSE,247.88,-16.1,3.7,4.1,False,175410186160,20.5,-27.5,5.1,True,57.4,0.7,31.9,4.95,35.6,2026-09-22 11:38 UTC
HONA,HONA,US,Honeywell Aerospace,Industrials,NASDAQ,169.03,-15.5,12.7,-36.8,False,53574518720,30.1,-43.2,12.3,True,34.8,-0.8,10.2,,22.9,2026-09-22 11:38 UTC
QAN.AX,QAN,ASX,Qantas,Industrials,ASX,8.95,-15.3,7.6,-19.7,False,13543133258,10.5,-21.1,8.9,False,53.0,-1.5,5.1,,12.7,2026-09-22 11:38 UTC
LNW.AX,LNW,ASX,Light & Wonder,Consumer Discretionary,ASX,112.6,-15.3,4.0,-17.9,False,8602471546,31.2,-41.7,9.7,False,73.3,2.5,8.3,,12.3,2026-09-22 11:38 UTC
TLC.AX,TLC,ASX,The Lottery Corporation,Consumer Discretionary,ASX,4.84,-15.1,-4.6,-22.1,False,10772735382,37.9,-18.0,0.5,True,,,8.0,,3.4,2026-09-22 11:38 UTC
CIP.AX,CIP,ASX,Centuria Industrial REIT,Real Estate,ASX,2.84,-14.7,6.4,20.5,False,1773262068,11.1,-20.9,3.8,True,90.4,0.2,64.6,0.54,71.0,2026-09-22 11:38 UTC
SPGI,SPGI,US,S&P Global,Financials,NYSE,404.47,-14.7,7.9,16.1,False,119237756360,26.7,-22.6,11.1,False,70.2,0.9,29.2,1.66,37.1,2026-09-22 11:38 UTC
SIG.AX,SIG,ASX,Sigma Healthcare,Healthcare,ASX,2.56,-14.5,80.5,33.8,False,29447029102,41.5,-20.0,47.5,True,18.1,-5.9,6.5,1.23,87.1,2026-09-22 11:38 UTC
TDG,TDG,US,TransDigm Group,Industrials,NYSE,1109.65,-14.3,11.2,21.0,False,61337597316,29.6,-24.2,17.6,False,60.1,1.3,23.5,1.41,34.7,2026-09-22 11:38 UTC
VGN.AX,VGN,ASX,Virgin Australia Holdings,Industrials,ASX,2.8,-14.3,,,False,2195849131,4.4,-26.3,8.1,,,,7.9,,,2026-09-22 11:38 UTC
DHI,DHI,US,D. R. Horton,Consumer Discretionary,NYSE,139.25,-14.2,-6.9,-24.6,False,38948401430,10.9,-21.0,0.8,False,23.7,-2.2,10.5,,3.5,2026-09-22 11:38 UTC
BEN.AX,BEN,ASX,Bendigo & Adelaide Bank,Financials,ASX,10.42,-14.2,3.4,486.3,False,6013898668,16.0,-21.8,1.4,True,,,19.0,0.03,22.3,2026-09-22 11:38 UTC
CVNA,CVNA,US,Carvana,Consumer Discretionary,NYSE,67.18,-14.1,48.6,570.0,False,48363984979,34.4,-31.0,14.3,True,20.6,-0.4,6.9,0.06,55.6,2026-09-22 11:38 UTC
HDN.AX,HDN,ASX,HomeCo Daily Needs REIT,Real Estate,ASX,1.1,-13.9,3.7,44.5,False,2301447228,6.4,-22.3,2.9,True,68.9,0.1,95.6,0.14,99.3,2026-09-22 11:38 UTC
ALLE,ALLE,US,Allegion,Industrials,NYSE,151.36,-13.9,7.8,7.7,False,12871167981,20.0,-17.3,7.5,True,45.2,1.0,15.8,2.58,23.7,2026-09-22 11:38 UTC
MSB.AX,MSB,ASX,Mesoblast,Healthcare,ASX,2.16,-13.6,599.2,43.7,False,2804865472,,-34.7,152.1,True,86.1,16.0,-47.8,,551.4,2026-09-22 11:38 UTC
TSLA,TSLA,US,"Tesla, Inc.",Consumer Discretionary,NASDAQ,375.3,-13.6,-2.9,-46.8,False,1482265088756,390.7,-24.8,5.2,False,18.0,0.2,4.0,,1.1,2026-09-22 11:38 UTC
GEHC,GEHC,US,GE HealthCare,Health Care,NASDAQ,64.81,-13.2,4.8,4.6,False,29273784889,14.0,-27.8,4.0,True,40.0,-1.7,10.1,3.08,14.9,2026-09-22 11:38 UTC
CNU.AX,CNU,ASX,Chorus,Communication Services,ASX,6.8,-12.9,8.3,825.0,False,2950433682,79.7,-20.0,1.6,True,,,3.6,0.1,11.9,2026-09-22 11:38 UTC
FLT.AX,FLT,ASX,Flight Centre Travel Group,Consumer Discretionary,ASX,10.35,-12.6,2.5,36.2,False,2119538583,14.2,-37.5,7.8,False,94.4,0.3,5.2,0.39,7.8,2026-09-22 11:38 UTC
IBM,IBM,US,IBM,Information Technology,NYSE,231.93,-12.3,7.6,75.9,False,218509222172,20.6,-30.2,3.7,True,58.2,1.5,15.7,0.27,23.3,2026-09-22 11:38 UTC
PEG,PEG,US,Public Service Enterprise Group,Utilities,NYSE,69.31,-12.3,18.3,19.1,False,34545491062,16.4,-20.9,7.5,True,34.8,0.5,17.3,0.86,35.6,2026-09-22 11:38 UTC
SMCI,SMCI,US,Supermicro,Information Technology,NASDAQ,41.2,-12.1,77.8,112.7,False,27066974322,12.1,-29.9,76.3,True,10.8,-0.2,5.7,0.11,83.5,2026-09-22 11:38 UTC
CBRE,CBRE,US,CBRE Group,Real Estate,NYSE,143.21,-11.9,13.4,19.5,False,41470080371,35.8,-17.8,9.6,True,18.7,-0.8,2.9,1.84,16.2,2026-09-22 11:38 UTC
MAA,MAA,US,Mid-America Apartment Communities,Real Estate,NYSE,118.86,-11.9,0.8,-15.3,False,13790369880,30.9,-17.7,3.0,False,30.5,-2.0,20.2,,21.1,2026-09-22 11:38 UTC
PRN.AX,PRN,ASX,Perenti,Materials,ASX,2.23,-11.7,-4.3,-84.4,False,2084604856,111.1,-28.5,5.0,False,72.0,1.4,0.6,,-3.8,2026-09-22 11:38 UTC
LHX,LHX,US,L3Harris,Industrials,NYSE,246.93,-11.7,2.5,6.9,False,45981973765,28.6,-34.9,8.6,False,25.7,-0.2,7.3,4.14,9.9,2026-09-22 11:38 UTC
GPT.AX,GPT,ASX,GPT Group,Real Estate,ASX,4.51,-11.6,4.4,588.8,False,8639254648,8.8,-21.6,8.8,False,65.6,0.2,95.1,0.01,99.4,2026-09-22 11:38 UTC
IR,IR,US,Ingersoll Rand,Industrials,NYSE,72.31,-11.5,5.7,-30.7,False,28056237764,48.3,-28.4,8.9,True,43.6,-0.2,7.6,,13.3,2026-09-22 11:38 UTC
BXP,BXP,US,"BXP, Inc.",Real Estate,NYSE,64.13,-11.4,2.2,1839.5,False,10239095148,37.0,-17.0,3.9,False,60.6,-0.6,7.9,0.02,10.1,2026-09-22 11:38 UTC
HRL,HRL,US,Hormel Foods,Consumer Staples,NYSE,20.46,-11.4,1.6,-40.6,False,11260176864,23.5,-23.1,-1.0,True,15.6,-1.3,4.0,,5.5,2026-09-22 11:38 UTC
SCG.AX,SCG,ASX,Scentre Group,Real Estate,ASX,3.44,-11.2,1.8,69.4,False,17989218371,10.1,-19.4,3.0,False,71.2,1.4,66.2,0.15,68.1,2026-09-22 11:38 UTC
CTSH,CTSH,US,Cognizant,Information Technology,NASDAQ,59.38,-10.9,7.0,-0.4,False,26747377612,12.0,-31.8,2.8,True,33.7,-0.6,10.6,,17.5,2026-09-22 11:38 UTC
PCG,PCG,US,PG&E Corporation,Utilities,NYSE,12.94,-10.9,2.1,7.6,False,38850626504,14.4,-32.5,4.8,True,39.6,2.1,10.8,1.89,13.0,2026-09-22 11:38 UTC
MRSH,MRSH,US,Marsh McLennan,Financials,NYSE,172.72,-10.5,10.3,2.5,False,82423930791,19.8,-16.9,9.2,True,42.3,-0.5,15.4,8.04,25.7,2026-09-22 11:38 UTC
WY,WY,US,Weyerhaeuser,Real Estate,NYSE,21.01,-10.2,-3.1,-18.2,False,15149105380,46.8,-24.3,-12.1,True,14.8,-3.6,4.7,,1.6,2026-09-22 11:38 UTC
HSY,HSY,US,Hershey Company (The),Consumer Staples,NYSE,167.9,-10.1,4.4,-60.2,False,33735416584,38.2,-29.9,3.9,True,33.5,-13.8,7.6,,11.9,2026-09-22 11:38 UTC
MFG.AX,MFG,ASX,Magellan Financial Group,Financials,ASX,8.35,-9.8,-39.1,-46.7,False,2443276052,27.8,-27.7,-23.5,False,,,46.1,,7.0,2026-09-22 11:38 UTC
ISRG,ISRG,US,Intuitive Surgical,Health Care,NASDAQ,401.65,-9.7,20.5,23.0,False,143902371776,50.4,-33.5,17.4,True,66.0,-1.5,28.4,2.19,48.9,2026-09-22 11:38 UTC
APO,APO,US,Apollo Global Management,Financials,NYSE,127.91,-9.7,22.7,-23.7,False,75536377630,21.6,-16.6,43.0,True,95.5,-0.1,10.9,,33.6,2026-09-22 11:38 UTC
NWS.AX,NWS,ASX,News Corp Class B,Communication Services,ASX,46.28,-9.6,6.8,-51.4,False,24808692268,43.3,-12.0,4.1,True,,,6.3,,13.2,2026-09-22 11:38 UTC
UHS,UHS,US,Universal Health Services,Health Care,NYSE,174.74,-9.6,9.7,30.4,False,10298566955,6.9,-29.1,9.0,False,90.4,0.5,8.6,0.23,18.3,2026-09-22 11:38 UTC
VLTO,VLTO,US,Veralto,Industrials,NYSE,95.18,-9.6,6.0,12.8,False,23204250556,24.7,-11.8,4.2,True,59.9,0.2,17.1,1.92,23.1,2026-09-22 11:38 UTC
SHL.AX,SHL,ASX,Sonic Healthcare,Healthcare,ASX,19.13,-9.4,7.7,0.5,False,9454771626,18.4,-21.2,1.1,False,83.8,0.0,5.3,37.59,13.0,2026-09-22 11:38 UTC
CDW,CDW,US,CDW Corporation,Information Technology,NASDAQ,146.41,-9.0,6.8,-1.0,False,18303801798,17.2,-12.3,-1.9,True,21.7,-0.2,4.8,,11.5,2026-09-22 11:38 UTC
EXE,EXE,US,Expand Energy,Energy,NASDAQ,87.65,-8.8,188.8,354.8,False,20291307459,11.2,-30.8,2.1,True,50.8,23.8,14.9,0.03,203.7,2026-09-22 11:38 UTC
FSLR,FSLR,US,First Solar,Information Technology,NASDAQ,199.84,-8.8,24.1,18.3,False,21476762040,14.1,-37.7,25.8,False,40.6,-3.5,29.3,0.77,53.4,2026-09-22 11:38 UTC
ZIM.AX,ZIM,ASX,Zimplats Holdings,Materials,ASX,15.5,-8.7,7.8,392.6,False,1668383560,41.2,-39.5,-12.7,True,64.6,0.4,4.9,0.1,12.7,2026-09-22 11:38 UTC
CEN.AX,CEN,ASX,Contact Energy,Utilities,ASX,7.06,-8.7,-6.3,26.9,False,7558627639,18.0,-17.8,15.0,False,46.3,5.7,13.1,0.67,6.8,2026-09-22 11:38 UTC
STZ,STZ,US,Constellation Brands,Consumer Staples,NYSE,118.39,-8.7,-10.5,2172.1,False,20218458697,12.0,-29.8,-1.1,False,51.6,-0.5,18.5,0.01,8.0,2026-09-22 11:38 UTC
SBAC,SBAC,US,SBA Communications,Real Estate,NASDAQ,176.28,-8.7,5.1,40.6,False,18701211901,17.7,-21.5,2.2,True,75.5,-2.8,37.4,0.44,42.5,2026-09-22 11:38 UTC
BRG.AX,BRG,ASX,Breville Group,Consumer Discretionary,ASX,29.38,-8.7,6.7,1.7,False,4255356801,30.8,-17.2,7.0,False,36.0,-0.6,7.6,18.41,14.4,2026-09-22 11:38 UTC
FMG.AX,FMG,ASX,Fortescue,Materials,ASX,16.75,-8.3,9.2,-14.9,False,51572662393,18.0,-28.4,0.1,True,56.4,-0.4,17.0,,26.2,2026-09-22 11:38 UTC
AUB.AX,AUB,ASX,AUB Group,Financials,ASX,29.1,-8.3,5.4,-46.7,False,3801639095,39.6,-27.8,13.8,False,,,8.8,,14.2,2026-09-22 11:38 UTC
WTW,WTW,US,Willis Towers Watson,Financials,NASDAQ,306.82,-8.3,-2.2,1737.8,False,28494968391,17.8,-13.0,3.1,False,42.1,-2.5,16.5,0.01,14.3,2026-09-22 11:38 UTC
ALL.AX,ALL,ASX,Aristocrat Leisure,Consumer Discretionary,ASX,61.91,-8.3,-4.6,25.8,False,36789720551,22.4,-12.7,4.2,False,60.9,2.3,26.0,0.87,21.4,2026-09-22 11:38 UTC
CARR,CARR,US,Carrier Global,Industrials,NYSE,54.62,-8.0,-3.3,-73.5,False,45024633733,30.3,-28.8,7.9,False,25.9,-0.7,6.8,,3.5,2026-09-22 11:38 UTC
PAYX,PAYX,US,Paychex,Industrials,NASDAQ,115.01,-7.9,16.9,6.2,False,40941314960,23.3,-12.0,9.2,True,74.3,1.9,27.0,3.75,43.9,2026-09-22 11:38 UTC
NAB.AX,NAB,ASX,National Australia Bank,Financials,ASX,38.61,-7.8,,,False,118198146218,,-21.9,,,,,,,,2026-09-22 11:38 UTC
T,T,US,AT&T,Communication Services,NYSE,25.45,-7.8,2.7,100.5,False,174393220020,7.9,-13.6,1.3,True,59.6,-0.2,17.5,0.08,20.2,2026-09-22 11:38 UTC
COF,COF,US,Capital One,Financials,NYSE,204.92,-7.7,36.6,-48.4,False,125715311470,51.2,-21.1,16.0,True,,,4.6,,41.2,2026-09-22 11:38 UTC
ICE,ICE,US,Intercontinental Exchange,Financials,NYSE,155.37,-7.5,7.5,20.4,False,87223858704,26.3,-11.7,9.5,False,56.2,0.7,26.2,1.29,33.7,2026-09-22 11:38 UTC
NHF.AX,NHF,ASX,Nib,Financials,ASX,6.62,-7.2,5.2,-6.2,False,3236602620,17.3,-14.4,6.5,False,,,5.0,,10.2,2026-09-22 11:38 UTC
PHM,PHM,US,PulteGroup,Consumer Discretionary,NYSE,118.97,-7.2,-3.5,-28.0,False,22662161649,10.2,-17.7,2.7,False,26.4,-2.7,12.8,,9.3,2026-09-22 11:38 UTC
MEZ.AX,MEZ,ASX,Meridian Energy,Utilities,ASX,4.46,-7.2,-19.6,128.8,False,11812744505,90.9,-15.8,6.3,False,,,3.4,0.71,-16.3,2026-09-22 11:38 UTC
NOC,NOC,US,Northrop Grumman,Industrials,NYSE,526.66,-7.1,2.2,0.2,False,74818909458,17.9,-32.0,4.7,False,19.8,-0.6,10.0,93.34,12.2,2026-09-22 11:38 UTC
ALX.AX,ALX,ASX,Atlas Arteria,Industrials,ASX,4.45,-7.1,9.6,-22.7,False,6468045660,24.9,-16.1,10.8,True,86.0,-9.6,163.3,,172.9,2026-09-22 11:38 UTC
AXP,AXP,US,American Express,Financials,NYSE,313.59,-7.0,9.5,7.0,False,211770408057,19.5,-19.1,11.0,True,,,15.0,2.81,24.5,2026-09-22 11:38 UTC
VEEV,VEEV,US,Veeva Systems,Health Care,NYSE,261.31,-7.0,16.3,27.3,False,42308401198,46.5,-15.8,14.0,True,75.5,1.0,28.4,1.71,44.8,2026-09-22 11:38 UTC
CSL.AX,CSL,ASX,CSL,Healthcare,ASX,180.72,-6.9,1.7,-185.9,True,86724686583,,-18.8,6.0,False,50.8,-0.7,-16.4,,-14.7,2026-09-22 11:38 UTC
ORG.AX,ORG,ASX,Origin Energy,Utilities,ASX,11.21,-6.7,-9.9,6.4,False,19312001458,12.3,-13.7,-2.0,False,21.5,2.3,10.2,1.93,0.3,2026-09-22 11:38 UTC
PPT.AX,PPT,ASX,Perpetual,Financials,ASX,16.63,-6.4,3.4,87.7,False,1923944908,,-22.3,21.3,False,,,-4.3,,-0.9,2026-09-22 11:38 UTC
SHW,SHW,US,Sherwin-Williams,Materials,NYSE,321.31,-6.4,2.1,-4.2,False,78000620905,30.4,-14.9,2.1,True,48.8,0.4,10.9,,13.0,2026-09-22 11:38 UTC
CQR.AX,CQR,ASX,Charter Hall Retail REIT,Real Estate,ASX,3.68,-6.4,-11.2,82.1,False,2138925000,5.5,-13.4,-6.4,False,58.5,-0.2,223.0,0.07,211.8,2026-09-22 11:38 UTC
PGR,PGR,US,Progressive Corporation,Financials,NYSE,212.24,-6.3,16.3,33.3,False,123184099188,10.9,-14.5,20.9,False,,,12.9,0.33,29.2,2026-09-22 11:38 UTC
ZBH,ZBH,US,Zimmer Biomet,Health Care,NYSE,94.32,-6.3,7.2,-22.0,False,17990378768,25.5,-11.8,5.9,True,69.7,-1.8,8.6,,15.8,2026-09-22 11:38 UTC
AMT,AMT,US,American Tower,Real Estate,NYSE,174.6,-6.1,5.1,12.2,False,81356627225,32.2,-11.6,3.3,True,74.2,-0.4,23.8,2.64,28.9,2026-09-22 11:38 UTC
DIS,DIS,US,Walt Disney Company (The),Communication Services,NYSE,104.23,-6.1,3.4,149.5,False,179972581592,14.5,-11.0,4.5,True,37.8,2.0,13.1,0.1,16.5,2026-09-22 11:38 UTC
WBC.AX,WBC,ASX,Westpac,Financials,ASX,34.91,-5.9,1.0,-2.8,False,119214414963,17.1,-19.4,0.9,False,,,32.4,,33.4,2026-09-22 11:38 UTC
FERG,FERG,US,Ferguson Enterprises,Industrials,NYSE,216.14,-5.5,,,False,41812870134,,-20.4,,,,,,,,2026-09-22 11:38 UTC
ADP,ADP,US,Automatic Data Processing,Industrials,NASDAQ,269.94,-5.4,6.7,8.2,False,107237104196,24.3,-8.3,6.8,False,46.4,0.4,20.1,2.97,26.9,2026-09-22 11:38 UTC
KR,KR,US,Kroger,Consumer Staples,NYSE,59.69,-5.4,0.4,-61.9,False,35252238692,34.7,-22.1,-0.1,True,23.3,0.6,0.7,,1.0,2026-09-22 11:38 UTC
CMS,CMS,US,CMS Energy,Utilities,NYSE,64.7,-5.3,13.6,6.8,False,20288439742,18.9,-19.5,-0.2,True,41.5,-1.2,12.5,2.79,26.2,2026-09-22 11:38 UTC
BA,BA,US,Boeing,Industrials,NYSE,201.15,-5.2,34.5,118.9,False,158982924699,71.1,-20.9,10.3,True,4.8,7.8,2.5,0.6,37.0,2026-09-22 11:38 UTC
CBA.AX,CBA,ASX,Commonwealth Bank,Financials,ASX,152.33,-5.2,5.3,7.4,False,254669959426,23.4,-17.9,3.8,True,,,36.3,3.16,41.6,2026-09-22 11:38 UTC
LYC.AX,LYC,ASX,Lynas Rare Earths,Materials,ASX,14.51,-5.1,80.2,2682.9,False,14604352637,65.7,-35.1,7.5,True,50.2,17.2,22.7,0.02,102.9,2026-09-22 11:38 UTC
DOW.AX,DOW,ASX,Downer Group,Industrials,ASX,6.67,-5.0,-7.3,58.4,False,4395601333,20.3,-22.9,-5.9,False,87.7,1.4,2.2,0.35,-5.1,2026-09-22 11:38 UTC
GPC,GPC,US,Genuine Parts Company,Consumer Discretionary,NYSE,126.45,-5.0,3.5,-92.7,False,17432365978,264.3,-16.6,3.2,True,36.8,0.5,0.3,,3.7,2026-09-22 11:38 UTC
CPT,CPT,US,Camden Property Trust,Real Estate,NYSE,98.82,-4.9,1.9,135.4,False,11436693323,29.7,-17.5,3.4,True,61.4,0.2,24.4,0.22,26.4,2026-09-22 11:38 UTC
TJX,TJX,US,TJX Companies,Consumer Discretionary,NYSE,130.96,-4.9,7.1,13.0,False,144052610414,26.2,-23.0,6.5,True,31.0,0.4,9.1,2.02,16.2,2026-09-22 11:38 UTC
UDR,UDR,US,"UDR, Inc.",Real Estate,NYSE,33.89,-4.9,2.4,321.6,False,10887644287,28.8,-19.3,4.1,False,27.1,2.2,22.1,0.09,24.5,2026-09-22 11:38 UTC
INVH,INVH,US,Invitation Homes,Real Estate,NYSE,27.08,-4.8,4.2,29.5,False,15994076915,27.2,-12.3,6.8,False,58.4,-0.6,21.5,0.92,25.8,2026-09-22 11:38 UTC
YUM,YUM,US,Yum! Brands,Consumer Discretionary,NYSE,139.33,-4.8,8.8,4.9,False,38023308673,24.4,-18.1,6.3,True,46.2,-1.3,19.0,4.96,27.8,2026-09-22 11:38 UTC
TXT,TXT,US,Textron,Industrials,NYSE,79.41,-4.8,8.0,11.8,False,13657481709,14.8,-21.8,4.8,True,18.2,-0.0,6.2,1.26,14.2,2026-09-22 11:38 UTC
CRM,CRM,US,Salesforce,Information Technology,NYSE,236.42,-4.5,9.6,20.3,False,194573658493,26.1,-12.1,9.8,True,77.7,0.5,18.0,1.28,27.5,2026-09-22 11:38 UTC
RJF,RJF,US,Raymond James Financial,Financials,NYSE,165.19,-4.5,9.5,3.2,False,31776231510,14.9,-9.6,8.5,False,,,15.4,4.59,24.9,2026-09-22 11:38 UTC
RSG,RSG,US,Republic Services,Industrials,NYSE,213.93,-4.4,3.5,4.7,False,65508140141,30.6,-8.3,7.1,False,42.0,0.3,12.9,6.52,16.4,2026-09-22 11:38 UTC
PPL,PPL,US,PPL Corporation,Utilities,NYSE,33.05,-4.4,6.9,33.0,False,24871606421,21.1,-17.6,4.6,True,42.7,2.6,13.1,0.64,19.9,2026-09-22 11:38 UTC
SO,SO,US,Southern Company,Utilities,NYSE,85.46,-4.4,10.6,-1.4,False,98310018021,22.6,-15.3,0.3,True,48.5,-1.5,14.7,,25.3,2026-09-22 11:38 UTC
PEP,PEP,US,PepsiCo,Consumer Staples,NASDAQ,129.59,-4.4,2.3,-14.0,False,176876292003,21.5,-24.4,2.8,True,54.1,-0.4,8.8,,11.0,2026-09-22 11:38 UTC
COST,COST,US,Costco,Consumer Staples,NASDAQ,898.48,-4.2,8.2,9.9,False,398456827156,49.2,-18.1,6.6,True,12.8,0.2,2.9,4.95,11.1,2026-09-22 11:38 UTC
DTE,DTE,US,DTE Energy,Utilities,NYSE,126.13,-4.2,26.9,4.1,False,26246147571,18.0,-19.0,-6.3,True,30.3,-4.5,9.2,4.35,36.2,2026-09-22 11:38 UTC
HBAN,HBAN,US,Huntington Bancshares,Financials,NASDAQ,16.04,-3.9,10.2,14.0,False,32407455659,14.7,-17.6,3.9,True,,,27.2,1.05,37.4,2026-09-22 11:38 UTC
WRB,WRB,US,W. R. Berkley Corporation,Financials,NYSE,68.79,-3.7,6.9,1.3,False,25536742060,14.4,-12.9,9.3,False,,,12.2,10.82,19.1,2026-09-22 11:38 UTC
MXT.AX,MXT,ASX,Metrics Master Income Trust,Financials,ASX,1.75,-3.6,-2.7,-2.6,False,2146395904,12.7,-13.4,34.3,False,,,96.2,,93.6,2026-09-22 11:38 UTC
J,J,US,Jacobs Solutions,Industrials,NYSE,143.76,-3.5,4.6,-64.1,False,16825470074,58.2,-14.7,7.1,False,24.8,0.2,2.4,,7.0,2026-09-22 11:38 UTC
MCO,MCO,US,Moody's Corporation,Financials,NYSE,467.22,-3.5,8.9,19.5,False,80913619556,32.9,-14.6,12.2,False,74.4,1.9,31.9,1.69,40.7,2026-09-22 11:38 UTC
NWS,NWS,US,News Corp (Class B),Communication Services,NASDAQ,32.86,-3.1,6.8,-51.4,False,17612057334,30.7,-8.1,4.1,True,,,6.3,,13.2,2026-09-22 11:38 UTC
RGN.AX,RGN,ASX,Region Group,Real Estate,ASX,2.23,-3.1,2.1,26.5,False,2562688673,9.5,-10.6,2.2,True,65.0,0.9,68.9,0.36,71.0,2026-09-22 11:38 UTC
VCX.AX,VCX,ASX,Vicinity Centres,Real Estate,ASX,2.29,-3.0,2.9,38.5,False,10718268409,7.7,-16.1,2.2,True,71.2,-0.3,102.3,0.2,105.2,2026-09-22 11:38 UTC
WM,WM,US,Waste Management,Industrials,NYSE,207.04,-3.0,14.2,-1.4,False,82757029012,30.6,-16.6,8.6,True,40.4,1.1,10.7,,25.0,2026-09-22 11:38 UTC
MAS,MAS,US,Masco,Industrials,NYSE,67.74,-2.9,-3.4,-1.5,False,13357476087,16.5,-19.0,-4.5,False,35.4,-0.7,10.7,,7.3,2026-09-22 11:38 UTC
NWSA,NWSA,US,News Corp (Class A),Communication Services,NASDAQ,29.7,-2.9,6.8,-51.4,False,15918384253,27.8,-6.2,4.1,True,,,6.3,,13.2,2026-09-22 11:38 UTC
LIN,LIN,US,Linde plc,Materials,NASDAQ,457.5,-2.9,3.0,5.1,False,210898424572,30.6,-16.5,0.6,True,48.8,0.8,20.3,6.03,23.3,2026-09-22 11:38 UTC
TEL,TEL,US,TE Connectivity,Information Technology,NYSE,210.01,-2.9,8.9,-42.3,False,60800671422,33.0,-16.8,2.0,True,35.2,0.8,10.7,,19.6,2026-09-22 11:38 UTC
TKO,TKO,US,TKO Group Holdings,Communication Services,NYSE,191.12,-2.8,-3.1,1977.0,False,13972992693,71.5,-15.8,60.7,False,59.8,13.5,4.1,0.04,1.1,2026-09-22 11:38 UTC
META,META,US,Meta Platforms,Communication Services,NASDAQ,741.25,-2.8,22.2,-3.1,False,1888338989281,31.2,-3.8,19.9,True,82.0,0.3,30.1,,52.3,2026-09-22 11:38 UTC
CI,CI,US,Cigna,Health Care,NYSE,274.47,-2.7,11.3,73.5,False,72526086515,12.2,-13.0,15.1,False,9.0,-1.2,2.2,0.17,13.4,2026-09-22 11:38 UTC
WEC,WEC,US,WEC Energy Group,Utilities,NYSE,103.48,-2.6,14.0,2.0,False,33718895247,21.6,-13.7,0.7,True,42.2,-1.8,15.9,10.91,29.9,2026-09-22 11:38 UTC
AFI.AX,AFI,ASX,Australian Foundation Investment Company,Financials,ASX,6.68,-2.5,2.8,2.9,False,8211706374,28.0,-10.3,-1.0,True,,,86.6,9.74,89.4,2026-09-22 11:38 UTC
CWY.AX,CWY,ASX,Cleanaway,Industrials,ASX,2.65,-2.4,13.5,-37.2,False,5941014178,60.3,-10.5,7.0,True,,,2.3,,15.8,2026-09-22 11:38 UTC
MA,MA,US,Mastercard,Financials,NYSE,567.65,-2.3,16.4,16.3,False,497267063828,33.2,-5.6,13.8,True,77.9,1.6,45.6,2.04,62.1,2026-09-22 11:38 UTC
FDS,FDS,US,FactSet,Financials,NYSE,284.1,-2.2,5.4,11.2,False,10104170983,16.9,-11.4,8.0,False,52.7,-1.3,25.7,1.52,31.1,2026-09-22 11:38 UTC
MDLZ,MDLZ,US,Mondelez International,Consumer Staples,NASDAQ,60.17,-2.0,5.8,-46.8,False,76795453453,31.3,-9.7,7.0,True,28.4,-10.7,6.4,,12.1,2026-09-22 11:38 UTC
BLK,BLK,US,BlackRock,Financials,NYSE,1090.27,-2.0,18.7,-12.8,False,168849310035,30.4,-10.6,10.7,True,46.7,-2.7,22.9,,41.6,2026-09-22 11:38 UTC
PG,PG,US,Procter & Gamble,Consumer Staples,NYSE,146.08,-1.8,3.3,0.5,False,339295975590,21.1,-12.7,2.0,True,50.2,-1.0,18.4,46.91,21.7,2026-09-22 11:38 UTC
CTAS,CTAS,US,Cintas,Industrials,NASDAQ,196.88,-1.8,8.9,10.4,False,78785385124,39.4,-10.2,8.5,True,50.7,0.6,17.8,3.8,26.7,2026-09-22 11:38 UTC
VMRK,VMRK,US,Vivmark Residential,Real Estate,NYSE,61.36,-1.8,4.4,-2.8,False,47479087275,45.2,-14.2,5.4,False,63.1,-0.0,34.6,,38.9,2026-09-22 11:38 UTC
MSFT,MSFT,US,Microsoft,Information Technology,NASDAQ,501.61,-1.7,17.8,31.3,False,3724727764968,27.8,-9.4,16.1,True,67.9,-0.9,40.3,0.89,58.1,2026-09-22 11:38 UTC
PPG,PPG,US,PPG Industries,Materials,NYSE,104.93,-1.7,0.2,41.2,False,23325939068,14.8,-21.4,0.6,True,41.3,-0.3,9.9,0.36,10.1,2026-09-22 11:38 UTC
TCL.AX,TCL,ASX,Transurban,Industrials,ASX,13.21,-1.4,3.3,175.2,False,41222493083,112.6,-15.4,-2.1,True,73.4,5.3,9.4,0.64,12.7,2026-09-22 11:38 UTC
HOOD,HOOD,US,Robinhood Markets,Financials,NASDAQ,123.3,-1.3,51.6,33.5,False,110856847005,58.9,-19.9,48.8,False,83.3,3.9,42.1,1.76,93.7,2026-09-22 11:38 UTC
KHC,KHC,US,Kraft Heinz,Consumer Staples,NYSE,24.37,-1.3,-3.5,-313.0,True,28898525978,,-13.2,-2.0,False,33.3,-1.4,-23.4,,-26.9,2026-09-22 11:38 UTC
TAH.AX,TAH,ASX,Tabcorp,Consumer Discretionary,ASX,0.94,-1.1,0.8,26.5,False,2166548781,46.8,-20.6,2.7,False,,,1.8,1.77,2.6,2026-09-22 11:38 UTC
MPL.AX,MPL,ASX,Medibank,Financials,ASX,4.59,-1.1,9.3,27.5,False,12640875292,19.8,-13.6,7.6,True,,,6.8,0.72,16.2,2026-09-22 11:38 UTC
SUN.AX,SUN,ASX,Suncorp,Financials,ASX,19.39,-1.0,-0.9,-43.7,False,20554396115,20.0,-7.0,1.4,False,,,6.7,,5.8,2026-09-22 11:38 UTC
MSI,MSI,US,Motorola Solutions,Information Technology,NYSE,461.36,-1.0,8.0,36.6,False,76352211607,35.4,-6.8,8.6,False,51.7,0.7,18.4,0.97,26.4,2026-09-22 11:38 UTC
SYY,SYY,US,Sysco,Consumer Staples,NYSE,78.43,-0.9,3.9,-3.9,False,37612540425,21.4,-14.6,3.5,True,18.5,0.1,2.1,,6.0,2026-09-22 11:38 UTC
GPN,GPN,US,Global Payments,Financials,NYSE,85.29,-0.6,-0.4,-10.8,False,22569302725,16.1,-11.0,-5.0,False,72.6,-1.1,18.2,,17.8,2026-09-22 11:38 UTC
ATO,ATO,US,Atmos Energy,Utilities,NYSE,158.27,-0.6,12.9,14.9,False,26745819005,22.3,-17.8,3.8,True,58.1,0.2,25.5,1.49,38.4,2026-09-22 11:38 UTC
DUK,DUK,US,Duke Energy,Utilities,NYSE,116.74,-0.6,6.2,9.8,False,91022432345,18.3,-13.2,3.9,True,51.2,1.1,15.4,1.87,21.6,2026-09-22 11:38 UTC
IMD.AX,IMD,ASX,IMDEX,Materials,ASX,3.32,-0.5,20.6,43.9,False,1727339060,21.7,-27.7,8.1,True,73.7,1.3,15.3,0.49,35.8,2026-09-22 11:38 UTC
MCY.AX,MCY,ASX,Mercury NZ,Utilities,ASX,5.5,-0.4,-7.8,32000.0,False,7837725220,24.4,-8.2,5.7,False,44.7,16.6,10.0,0.0,2.1,2026-09-22 11:38 UTC
ASX.AX,ASX,ASX,ASX,Financials,ASX,58.3,-0.4,12.6,-3.5,False,11392394048,23.5,-7.3,7.7,True,,,38.2,,50.8,2026-09-22 11:38 UTC
AIA.AX,AIA,ASX,Auckland International Airport Limited,Industrials,ASX,6.72,-0.4,3.9,-20.4,False,11423789999,34.1,-13.3,17.8,False,,,34.7,,38.6,2026-09-22 11:38 UTC
SDF.AX,SDF,ASX,Steadfast Group,Financials,ASX,5.73,-0.3,17.9,-19.6,False,6371712050,23.7,-14.0,15.6,True,,,17.3,,35.1,2026-09-22 11:38 UTC
AIG,AIG,US,American International Group,Financials,NYSE,74.54,-0.2,-1.8,320.5,False,38976457296,12.6,-14.6,-3.7,True,,,11.6,0.04,9.7,2026-09-22 11:38 UTC
MSCI,MSCI,US,MSCI,Financials,NYSE,558.97,-0.2,9.7,8.4,False,40637116870,33.8,-13.3,11.7,False,82.4,0.5,38.4,4.02,48.1,2026-09-22 11:38 UTC
AMC.AX,AMC,ASX,Amcor,Materials,ASX,59.15,-0.2,56.6,116.4,False,27347748269,24.7,-16.8,17.0,True,20.0,1.1,4.7,0.21,61.3,2026-09-22 11:38 UTC
APD,APD,US,Air Products,Materials,NYSE,279.46,-0.2,-0.5,-110.3,True,62231696311,,-11.2,-1.8,True,31.4,-1.1,-3.3,,-3.8,2026-09-22 11:38 UTC
NST.AX,NST,ASX,Northern Star Resources,Materials,ASX,21.93,-0.1,18.8,24.2,False,31245975444,18.8,-31.4,22.7,False,58.6,2.0,21.8,0.77,40.7,2026-09-22 11:38 UTC
IAG.AX,IAG,ASX,Insurance Australia Group,Financials,ASX,8.07,-0.0,301058.7,31153.8,False,18867279165,18.5,-7.5,16.4,True,,,6.3,0.0,301065.0,2026-09-22 11:38 UTC
AGL.AX,AGL,ASX,AGL Energy,Utilities,ASX,8.26,0.1,-1.8,871.4,False,5556892299,7.4,-22.3,-0.7,False,26.5,5.3,5.6,0.01,3.8,2026-09-22 11:38 UTC
MDT,MDT,US,Medtronic,Health Care,NYSE,91.75,0.1,8.4,3.0,False,117360901408,24.4,-13.7,5.2,True,65.0,-0.3,13.2,8.2,21.6,2026-09-22 11:38 UTC
EXC,EXC,US,Exelon,Utilities,NASDAQ,41.98,0.3,5.3,12.5,False,43250061063,15.6,-17.1,8.3,False,42.9,2.1,11.4,1.25,16.8,2026-09-22 11:38 UTC
TSN,TSN,US,Tyson Foods,Consumer Staples,NYSE,52.02,0.4,2.1,-40.8,False,18300714815,38.6,-25.1,0.7,True,6.5,-0.3,0.9,,3.0,2026-09-22 11:38 UTC
TPR,TPR,US,"Tapestry, Inc.",Consumer Discretionary,NYSE,113.07,0.6,14.2,733.9,False,22545216971,14.8,-31.4,6.3,True,77.8,2.4,19.1,0.02,33.3,2026-09-22 11:38 UTC
COL.AX,COL,ASX,Coles Group,Consumer Staples,ASX,22.95,0.6,2.8,1.0,False,30825143455,28.3,-6.7,4.0,True,26.9,0.5,2.4,27.74,5.2,2026-09-22 11:38 UTC
XYZ,XYZ,US,"Block, Inc.",Financials,NYSE,77.91,0.6,0.3,-54.9,False,46807940650,35.9,-10.4,11.3,False,42.8,6.0,5.4,,5.7,2026-09-22 11:38 UTC
BF-B,BF.B,US,Brown–Forman,Consumer Staples,NYSE,26.15,0.7,-1.2,-17.7,False,11999300355,16.8,-18.1,-2.4,True,60.5,1.6,18.2,,17.0,2026-09-22 11:38 UTC
BAX,BAX,US,Baxter International,Health Care,NYSE,22.93,0.7,5.7,-47.5,False,11854718415,,-23.6,3.8,True,30.1,-7.4,-8.5,,-2.8,2026-09-22 11:38 UTC
NI,NI,US,NiSource,Utilities,NYSE,40.52,0.7,21.8,22.2,False,19431775472,20.9,-17.7,4.3,True,50.4,-1.1,14.0,0.94,35.8,2026-09-22 11:38 UTC
SYF,SYF,US,Synchrony Financial,Financials,NYSE,75.0,0.9,-0.5,1.5,False,24402813000,6.9,-15.5,8.7,False,,,23.7,4.54,23.2,2026-09-22 11:38 UTC
BWP.AX,BWP,ASX,BWP Trust,Real Estate,ASX,3.59,1.1,2.3,53.8,False,2818642657,6.9,-12.9,9.5,False,92.5,9.4,197.0,0.13,199.3,2026-09-22 11:38 UTC
O,O,US,Realty Income,Real Estate,NYSE,56.65,1.2,9.1,23.0,False,53603253013,50.6,-16.6,19.8,False,92.5,-0.3,18.4,2.2,27.5,2026-09-22 11:38 UTC
SRE,SRE,US,Sempra,Utilities,NYSE,81.2,1.4,3.9,-35.8,False,53096706262,28.9,-19.6,-1.7,True,46.6,0.4,13.4,,17.3,2026-09-22 11:38 UTC
EQT,EQT,US,EQT Corporation,Energy,NYSE,50.13,1.5,60.0,784.4,False,31357117748,15.4,-26.5,-11.7,True,45.9,31.2,24.4,0.02,84.4,2026-09-22 11:38 UTC
JKHY,JKHY,US,Jack Henry & Associates,Financials,NASDAQ,151.56,1.6,7.1,10.3,False,10626266697,21.1,-21.6,7.0,False,43.7,0.9,19.8,2.05,26.9,2026-09-22 11:38 UTC
HII,HII,US,Huntington Ingalls Industries,Industrials,NYSE,276.1,1.6,8.2,10.0,False,10879609748,18.0,-40.0,5.4,True,12.7,0.1,4.8,1.8,13.1,2026-09-22 11:38 UTC
BRK-B,BRK.B,US,Berkshire Hathaway,Financials,NYSE,502.01,1.7,-3.2,-24.8,False,1074657744591,16.0,-6.6,20.6,True,,,16.3,,13.1,2026-09-22 11:38 UTC
CNP,CNP,US,CenterPoint Energy,Utilities,NYSE,37.99,1.8,8.3,3.2,False,25024784847,23.8,-16.1,0.1,True,45.1,-0.9,11.2,7.35,19.5,2026-09-22 11:38 UTC
HIG,HIG,US,Hartford (The),Financials,NYSE,130.73,1.8,6.4,23.3,False,35411095664,9.2,-10.5,8.7,False,,,13.7,0.4,20.1,2026-09-22 11:38 UTC
AWK,AWK,US,American Water Works,Utilities,NYSE,133.97,1.9,9.7,5.7,False,26623722899,24.0,-8.0,10.7,False,60.7,0.4,21.6,4.2,31.4,2026-09-22 11:38 UTC
HON,HON,US,Honeywell Technologies,Industrials,NASDAQ,206.48,1.9,7.8,-17.1,False,65441771911,13.8,-20.7,1.8,True,36.9,-1.5,12.6,,20.5,2026-09-22 11:38 UTC
BOQ.AX,BOQ,ASX,Bank of Queensland,Financials,ASX,6.66,2.0,-9.0,129.8,False,4367742066,15.3,-11.0,-1.6,False,,,17.8,0.12,8.9,2026-09-22 11:38 UTC
PLTR,PLTR,US,Palantir Technologies,Information Technology,NASDAQ,183.09,2.1,56.2,251.6,False,439975968303,270.7,-11.8,32.9,True,82.4,2.1,36.3,1.08,92.5,2026-09-22 11:38 UTC
FRW.AX,FRW,ASX,Freightways Group,Industrials,ASX,10.59,2.2,13.5,17.3,False,1897838185,20.2,-15.4,9.3,True,,,6.4,1.17,19.9,2026-09-22 11:38 UTC
ECL,ECL,US,Ecolab,Materials,NYSE,269.98,2.2,2.2,-1.7,False,75683119318,36.5,-12.7,4.3,False,44.5,1.0,12.9,,15.1,2026-09-22 11:38 UTC
XEL,XEL,US,Xcel Energy,Utilities,NASDAQ,71.85,2.4,9.1,4.2,False,44879973933,22.2,-14.7,-1.4,True,47.2,1.5,13.8,5.25,22.9,2026-09-22 11:38 UTC
LYV,LYV,US,Live Nation Entertainment,Communication Services,NYSE,169.18,2.4,8.8,-44.7,False,39412087350,79.5,-10.6,14.7,True,25.5,0.6,2.0,,10.8,2026-09-22 11:38 UTC
GEN,GEN,US,Gen Digital,Information Technology,NASDAQ,29.15,3.1,27.1,51.3,False,17448811754,17.9,-7.9,14.7,True,78.5,-1.8,19.5,0.35,46.5,2026-09-22 11:38 UTC
DRR.AX,DRR,ASX,Deterra Royalties,Materials,ASX,4.15,3.3,-8.0,5.5,False,2197450262,13.4,-13.2,1.9,False,,,67.7,2.45,59.8,2026-09-22 11:38 UTC
ES,ES,US,Eversource Energy,Utilities,NYSE,66.89,3.4,13.8,108.5,False,25195774065,14.9,-12.6,3.3,True,84.7,1.6,12.5,0.14,26.3,2026-09-22 11:38 UTC
TLS.AX,TLS,ASX,Telstra,Communication Services,ASX,4.83,3.5,-0.9,3.2,False,53802027223,24.0,-13.4,0.2,False,65.1,1.3,10.0,7.56,9.0,2026-09-22 11:38 UTC
WFC,WFC,US,Wells Fargo,Financials,NYSE,86.54,3.8,1.7,8.2,False,261696905306,12.3,-11.5,4.0,True,,,25.5,1.5,27.2,2026-09-22 11:38 UTC
EXR,EXR,US,Extra Space Storage,Real Estate,NYSE,137.46,3.9,3.7,14.0,False,29041114861,29.8,-13.5,20.6,False,70.8,-1.4,28.8,2.14,32.5,2026-09-22 11:38 UTC
ILU.AX,ILU,ASX,Iluka Resources,Materials,ASX,6.1,4.1,-13.2,-224.7,True,2630289459,,-35.7,-14.3,False,59.7,-4.7,-28.4,,-41.6,2026-09-22 11:38 UTC
LNT,LNT,US,Alliant Energy,Utilities,NASDAQ,64.97,4.3,9.6,17.4,False,16845727211,20.8,-17.6,1.2,True,45.7,1.0,18.6,1.2,28.1,2026-09-22 11:38 UTC
WLE.AX,WLE,ASX,WAM Leaders,Financials,ASX,1.33,4.4,126.1,153.5,False,2053679167,12.7,-8.3,8.5,False,,,65.1,0.08,191.2,2026-09-22 11:38 UTC
FOX,FOX,US,Fox Corporation (Class B),Communication Services,NASDAQ,57.9,4.4,5.1,-25.5,False,24414903357,14.5,-15.1,4.7,False,,,9.8,,14.9,2026-09-22 11:38 UTC
TROW,TROW,US,T. Rowe Price,Financials,NASDAQ,104.63,4.6,3.1,-0.6,False,22319236800,10.7,-14.2,4.1,False,51.3,-0.7,28.5,,31.7,2026-09-22 11:38 UTC
FOXA,FOXA,US,Fox Corporation (Class A),Communication Services,NASDAQ,64.79,4.8,5.1,-25.5,False,27320234355,16.2,-15.2,4.7,False,,,9.8,,14.9,2026-09-22 11:38 UTC
GNE.AX,GNE,ASX,Genesis Energy,Utilities,ASX,2.09,4.8,-24.2,-50.0,False,2735534058,32.4,-9.9,5.7,False,37.4,10.7,3.0,,-21.2,2026-09-22 11:38 UTC
NXPI,NXPI,US,NXP Semiconductors,Information Technology,NASDAQ,232.41,4.8,-2.7,-19.5,False,58605476603,29.0,-31.6,-2.4,True,54.7,-1.7,16.5,,13.7,2026-09-22 11:38 UTC
NXG.AX,NXG,ASX,Nexgen Energy,Energy,ASX,13.92,4.9,,-299.3,False,9333444977,,-32.0,,,,,,,,2026-09-22 11:38 UTC
ITW,ITW,US,Illinois Tool Works,Industrials,NYSE,267.52,5.1,0.9,-12.1,False,76189692871,24.8,-11.8,0.2,True,44.1,-0.2,19.1,,20.0,2026-09-22 11:38 UTC
ARG.AX,ARG,ASX,Argo Investments,Financials,ASX,9.24,5.1,1.0,0.1,False,6952928675,26.7,-3.4,-1.1,False,,,90.8,200.68,91.8,2026-09-22 11:38 UTC
HCA,HCA,US,HCA Healthcare,Health Care,NYSE,425.97,5.3,7.1,17.8,False,92223144219,13.6,-23.5,7.9,False,41.5,0.9,9.0,0.76,16.1,2026-09-22 11:38 UTC
WMT,WMT,US,Walmart,Consumer Staples,NASDAQ,107.44,5.4,4.7,12.6,False,852401715503,38.9,-20.5,5.3,False,24.9,0.1,3.1,3.08,7.8,2026-09-22 11:38 UTC
OMC,OMC,US,Omnicom Group,Communication Services,NYSE,75.59,5.6,10.1,-103.7,True,20737810641,,-15.6,6.5,True,8.5,-10.1,-0.3,,9.8,2026-09-22 11:38 UTC
HUBB,HUBB,US,Hubbell Incorporated,Industrials,NYSE,457.49,5.6,3.8,13.9,False,24170372391,27.2,-19.1,5.7,False,35.3,1.5,15.2,1.96,19.0,2026-09-22 11:38 UTC
AEE,AEE,US,Ameren,Utilities,NYSE,101.83,5.7,15.4,23.2,False,28190948756,19.4,-13.9,3.4,True,47.4,-0.5,16.5,0.84,32.0,2026-09-22 11:38 UTC
ESS,ESS,US,Essex Property Trust,Real Estate,NYSE,271.39,5.9,6.4,-9.7,False,17441812602,26.0,-10.5,5.5,True,67.8,-0.3,35.5,,41.8,2026-09-22 11:38 UTC
AVY,AVY,US,Avery Dennison,Materials,NYSE,169.33,6.1,1.1,-2.4,False,12833206224,18.7,-15.1,-0.7,False,28.8,-0.1,7.8,,8.9,2026-09-22 11:38 UTC
GE,GE,US,GE Aerospace,Industrials,NYSE,319.01,6.5,18.5,32.8,False,330992827405,38.0,-18.0,16.3,True,31.5,0.6,19.0,1.16,37.5,2026-09-22 11:38 UTC
NDAQ,NDAQ,US,"Nasdaq, Inc.",Financials,NASDAQ,94.69,6.7,11.6,60.1,False,52929568719,29.6,-7.0,9.9,False,42.2,1.8,21.6,0.49,33.3,2026-09-22 11:38 UTC
EVT.AX,EVT,ASX,EVT,Communication Services,ASX,13.9,6.8,0.5,593.4,False,2264574872,67.8,-13.9,17.8,False,75.9,-0.0,2.8,0.11,3.3,2026-09-22 11:38 UTC
EIX,EIX,US,Edison International,Utilities,NYSE,54.95,6.9,9.8,204.1,False,21145528440,4.5,-32.7,3.9,True,48.1,7.1,24.3,0.02,34.1,2026-09-22 11:38 UTC
TT,TT,US,Trane Technologies,Industrials,NYSE,433.32,7.1,7.5,13.7,False,95340444669,32.7,-14.3,10.1,False,36.2,0.5,13.7,2.39,21.2,2026-09-22 11:38 UTC
IFT.AX,IFT,ASX,Infratil,Financials,ASX,11.49,7.2,-10.4,292.0,False,11482100052,20.9,-13.9,36.0,False,,,18.3,0.07,7.9,2026-09-22 11:38 UTC
TDY,TDY,US,Teledyne Technologies,Information Technology,NYSE,609.08,7.2,7.9,9.2,False,28234314103,31.6,-12.7,3.9,True,42.8,-0.2,14.6,3.42,22.5,2026-09-22 11:38 UTC
CASY,CASY,US,Casey's,Consumer Staples,NASDAQ,585.34,7.3,10.2,30.7,False,21634265144,30.3,-36.9,5.2,True,24.6,1.1,4.1,0.99,14.2,2026-09-22 11:38 UTC
REG,REG,US,Regency Centers,Real Estate,NASDAQ,72.92,7.3,6.9,31.7,False,13353149952,25.3,-12.8,8.3,False,70.6,0.4,34.0,0.8,40.8,2026-09-22 11:38 UTC
FBU.AX,FBU,ASX,Fletcher Building,Industrials,ASX,2.91,7.4,-14.3,154.4,False,3129884834,13.7,-15.4,-10.9,False,32.3,4.4,3.8,0.09,-10.5,2026-09-22 11:38 UTC
SW,SW,US,Smurfit Westrock,Materials,NYSE,45.41,7.5,47.7,119.1,False,23818585172,34.1,-13.8,32.2,False,19.4,-0.5,2.2,0.29,49.9,2026-09-22 11:38 UTC
ULTA,ULTA,US,Ulta Beauty,Consumer Discretionary,NASDAQ,557.86,7.7,9.7,-4.0,False,23982016405,20.8,-22.0,6.7,True,39.1,0.3,9.3,,19.0,2026-09-22 11:38 UTC
FAST,FAST,US,Fastenal,Industrials,NASDAQ,49.65,7.7,8.7,9.4,False,56973256250,45.3,-6.2,5.5,True,45.0,-0.1,15.3,4.83,24.0,2026-09-22 11:38 UTC
AVGO,AVGO,US,Broadcom,Information Technology,NASDAQ,362.66,7.8,23.9,292.3,False,1731204624322,74.9,-26.7,24.4,False,67.8,4.7,36.2,0.26,60.1,2026-09-22 11:38 UTC
FE,FE,US,FirstEnergy,Utilities,NYSE,44.97,8.0,12.0,4.3,False,26021438448,25.5,-14.1,6.6,True,65.3,-2.2,6.8,5.94,18.8,2026-09-22 11:38 UTC
NSC,NSC,US,Norfolk Southern,Industrials,NYSE,309.07,8.2,0.5,9.6,False,69419711488,24.2,-13.8,-1.5,True,36.3,-1.1,23.6,2.52,24.1,2026-09-22 11:38 UTC
V,V,US,Visa Inc.,Financials,NYSE,369.95,8.3,11.3,1.6,False,694527600984,34.6,-4.1,10.9,True,80.4,-0.0,50.1,21.7,61.5,2026-09-22 11:38 UTC
AMCR,AMCR,US,Amcor,Materials,NYSE,42.15,8.4,56.6,116.4,False,19487871539,17.6,-17.3,17.0,True,20.0,1.1,4.7,0.15,61.3,2026-09-22 11:38 UTC
KIM,KIM,US,Kimco Realty,Real Estate,NYSE,22.54,8.5,5.1,42.3,False,15119593082,25.9,-15.4,7.4,False,69.1,0.4,27.3,0.61,32.4,2026-09-22 11:38 UTC
FPH.AX,FPH,ASX,Fisher & Paykel Healthcare,Healthcare,ASX,36.2,8.6,80.3,24.2,False,21294389447,45.5,-4.0,13.3,True,63.7,22.3,20.3,1.88,100.6,2026-09-22 11:38 UTC
ORI.AX,ORI,ASX,Orica,Materials,ASX,22.64,8.7,5.9,-69.1,False,10494602506,64.7,-14.5,4.5,True,54.5,1.4,2.0,,7.9,2026-09-22 11:38 UTC
ACGL,ACGL,US,Arch Capital Group,Financials,NASDAQ,95.78,8.8,14.0,2.0,False,32682925272,7.4,-10.6,26.0,False,,,22.8,3.68,36.8,2026-09-22 11:38 UTC
RWC.AX,RWC,ASX,Reliance Worldwide Corporation,Industrials,ASX,4.62,8.9,-0.7,-95.0,False,3455939166,551.4,-0.6,1.6,False,35.2,-3.6,0.5,,-0.2,2026-09-22 11:38 UTC
MMM,MMM,US,3M,Industrials,NYSE,164.97,9.2,1.5,-22.1,False,85078727762,26.2,-10.8,-1.6,True,39.9,-1.3,13.0,,14.5,2026-09-22 11:38 UTC
RMS.AX,RMS,ASX,Ramelius Resources,Materials,ASX,3.98,9.2,39.8,251.8,False,7511054699,34.7,-22.9,20.9,True,56.1,8.6,24.5,0.14,64.4,2026-09-22 11:38 UTC
D,D,US,Dominion Energy,Utilities,NYSE,62.82,9.5,14.2,47.4,False,55251819848,18.4,-13.9,5.8,True,49.0,1.1,18.2,0.39,32.3,2026-09-22 11:38 UTC
AFL,AFL,US,Aflac,Financials,NYSE,115.18,9.5,-9.3,-33.0,False,57744721217,15.8,-11.5,-3.2,False,,,21.0,,11.7,2026-09-22 11:38 UTC
CME,CME,US,CME Group,Financials,NASDAQ,275.53,9.6,6.4,15.5,False,99074873895,24.3,-16.3,9.1,False,86.1,-0.0,62.5,1.57,68.8,2026-09-22 11:38 UTC
DLR,DLR,US,Digital Realty,Real Estate,NYSE,186.33,9.7,10.0,117.2,False,69128193481,52.8,-10.5,9.2,True,55.4,0.7,21.4,0.45,31.4,2026-09-22 11:38 UTC
CINF,CINF,US,Cincinnati Financial,Financials,NASDAQ,166.85,9.7,11.4,4.4,False,25607812745,10.7,-14.4,24.4,False,,,18.9,2.43,30.4,2026-09-22 11:38 UTC
UAL,UAL,US,United Airlines Holdings,Industrials,NASDAQ,114.39,9.8,3.5,6.5,False,37127530988,11.1,-17.6,9.5,False,28.8,-0.1,5.7,1.71,9.2,2026-09-22 11:38 UTC
AMP,AMP,US,Ameriprise Financial,Financials,NYSE,535.72,9.8,7.0,4.8,False,47321869495,13.3,-6.4,9.0,False,,,19.3,2.79,26.3,2026-09-22 11:38 UTC
L,L,US,Loews Corporation,Financials,NYSE,106.75,10.0,5.4,17.9,False,21822659110,13.1,-11.8,9.0,False,,,9.2,0.73,14.6,2026-09-22 11:38 UTC
URI,URI,US,United Rentals,Industrials,NYSE,1029.92,10.1,4.9,-3.1,False,64104787006,25.7,-12.7,11.4,False,38.2,-1.9,15.5,,20.4,2026-09-22 11:38 UTC
YAL.AX,YAL,ASX,Yancoal Australia,Materials,ASX,5.76,10.3,-15.3,-63.8,False,7605731459,17.3,-36.4,-18.3,False,76.2,-3.2,7.7,,-7.7,2026-09-22 11:38 UTC
GNRC,GNRC,US,Generac,Industrials,NYSE,204.96,10.3,-2.0,-50.9,False,12105744514,75.9,-30.9,-2.7,False,38.3,-0.5,3.8,,1.8,2026-09-22 11:38 UTC
COR,COR,US,Cencora,Health Care,NYSE,316.49,10.4,9.3,3.0,False,60394887587,38.9,-16.2,10.4,False,3.6,0.2,0.5,13.02,9.8,2026-09-22 11:38 UTC
DOV,DOV,US,Dover Corporation,Industrials,NYSE,186.09,10.4,4.5,-59.4,False,25062642577,22.9,-21.7,1.0,True,39.8,1.6,13.5,,18.0,2026-09-22 11:38 UTC
VRSN,VRSN,US,Verisign,Information Technology,NASDAQ,308.18,10.4,6.4,5.1,False,27859471338,33.7,-1.4,5.2,True,88.2,0.4,49.8,6.63,56.2,2026-09-22 11:38 UTC
SWKS,SWKS,US,Skyworks Solutions,Information Technology,NASDAQ,88.74,10.4,-2.2,-19.9,False,13352954353,28.0,-3.9,-9.3,True,41.2,-0.0,11.7,,9.5,2026-09-22 11:38 UTC
KVUE,KVUE,US,Kenvue,Consumer Staples,NYSE,17.67,10.4,-2.1,42.7,False,33940067308,23.1,-12.2,0.4,False,58.1,0.2,9.7,0.54,7.6,2026-09-22 11:38 UTC
ALQ.AX,ALQ,ASX,ALS,Industrials,ASX,21.39,10.5,10.7,24.4,False,10856334899,34.1,-18.3,13.4,False,89.7,-0.1,9.6,1.4,20.3,2026-09-22 11:38 UTC
PSA,PSA,US,Public Storage,Real Estate,NYSE,296.67,10.5,2.7,-13.9,False,55433472867,31.1,-11.6,4.9,False,72.8,-0.4,37.0,,39.7,2026-09-22 11:38 UTC
ED,ED,US,Consolidated Edison,Utilities,NYSE,103.86,11.1,10.9,11.2,False,38410402049,19.0,-10.6,2.6,True,53.3,-0.3,12.0,1.7,22.9,2026-09-22 11:38 UTC
ZBRA,ZBRA,US,Zebra Technologies,Information Technology,NASDAQ,350.84,11.2,8.3,-20.6,False,16598471781,39.6,-9.2,-2.3,False,48.1,-0.4,7.8,,16.1,2026-09-22 11:38 UTC
CL,CL,US,Colgate-Palmolive,Consumer Staples,NYSE,86.26,11.4,1.4,-26.2,False,68764129932,32.3,-13.2,4.3,False,60.1,-0.4,10.5,,11.9,2026-09-22 11:38 UTC
LTR.AX,LTR,ASX,Liontown Resources,Materials,ASX,1.02,11.5,114.8,147.9,False,3255820525,35.2,-61.5,114.8,,34.8,30.3,14.5,0.24,129.3,2026-09-22 11:38 UTC
RL,RL,US,Ralph Lauren Corporation,Consumer Discretionary,NYSE,339.82,11.6,14.6,26.7,False,20247236893,21.5,-19.4,8.0,True,69.9,1.3,11.6,0.81,26.2,2026-09-22 11:38 UTC
GD,GD,US,General Dynamics,Industrials,NYSE,353.9,11.6,10.1,11.3,False,95750189659,22.7,-11.5,10.1,False,15.1,-0.3,8.0,2.01,18.1,2026-09-22 11:38 UTC
CHD,CHD,US,Church & Dwight,Consumer Staples,NYSE,95.49,11.6,1.6,25.9,False,22650600573,30.7,-9.9,4.9,False,44.7,-1.0,11.9,1.19,13.5,2026-09-22 11:38 UTC
RF,RF,US,Regions Financial Corporation,Financials,NYSE,28.55,11.8,6.3,13.9,False,24322586746,11.3,-12.1,1.7,True,,,28.6,0.81,34.9,2026-09-22 11:38 UTC
TLX.AX,TLX,ASX,Telix Pharmaceuticals,Healthcare,ASX,16.79,11.9,55.6,-121.2,True,5704978607,,-8.4,94.7,True,53.1,-12.0,-0.9,,54.7,2026-09-22 11:38 UTC
ALGN,ALGN,US,Align Technology,Health Care,NASDAQ,146.88,12.0,0.9,-2.6,False,10434333809,25.4,-26.7,2.6,False,67.2,-2.8,10.2,,11.1,2026-09-22 11:38 UTC
EL,EL,US,Estée Lauder Companies (The),Consumer Staples,NYSE,96.34,12.0,5.0,116.1,False,34855672620,191.5,-20.8,-1.8,True,75.5,1.5,1.2,1.65,6.3,2026-09-22 11:38 UTC
MGM,MGM,US,MGM Resorts,Consumer Discretionary,NYSE,38.73,12.3,1.7,-72.4,False,9909118214,48.1,-24.9,10.1,False,44.4,-1.1,1.2,,2.9,2026-09-22 11:38 UTC
EG,EG,US,Everest Group,Financials,NYSE,369.42,12.3,0.8,15.9,False,14164573309,8.9,-7.9,12.8,False,,,9.2,0.56,10.1,2026-09-22 11:38 UTC
PNW,PNW,US,Pinnacle West Capital,Utilities,NYSE,93.31,12.4,4.2,1.3,False,11308913609,18.3,-16.1,7.3,False,41.6,-0.1,11.5,14.46,15.7,2026-09-22 11:38 UTC
NIC.AX,NIC,ASX,Nickel Industries,Materials,ASX,0.81,12.4,-5.5,66.2,False,3538677728,,-27.6,10.7,True,17.0,-1.0,-3.5,,-8.9,2026-09-22 11:38 UTC
SNA,SNA,US,Snap-on,Industrials,NYSE,369.75,12.5,0.9,-2.6,False,19126104099,18.8,-12.6,2.1,True,51.7,-0.2,19.7,,20.7,2026-09-22 11:38 UTC
TFC,TFC,US,Truist Financial,Financials,NYSE,49.0,12.6,53.0,10.1,False,59859683212,11.3,-12.8,0.6,True,,,26.1,1.11,79.1,2026-09-22 11:38 UTC
MQG.AX,MQG,ASX,Macquarie Group,Financials,ASX,242.27,12.7,6.3,30.5,False,92338405430,19.1,-9.6,3.2,False,,,67.2,0.63,73.4,2026-09-22 11:38 UTC
BFL.AX,BFL,ASX,BSP Financial Group,Financials,ASX,7.9,12.9,13.5,12.9,False,3689300045,3.1,-16.8,9.5,True,,,34.7,0.24,48.2,2026-09-22 11:38 UTC
NEE,NEE,US,NextEra Energy,Utilities,NYSE,79.63,13.2,10.7,-1.6,False,166106439053,24.3,-19.4,9.4,True,62.3,2.2,24.9,,35.7,2026-09-22 11:38 UTC
AMZN,AMZN,US,Amazon,Consumer Discretionary,NASDAQ,258.45,13.5,12.4,31.1,False,2787722874352,35.9,-10.0,11.7,True,50.3,1.4,10.8,1.15,23.2,2026-09-22 11:38 UTC
EVRG,EVRG,US,Evergy,Utilities,NASDAQ,79.26,13.6,2.0,-2.0,False,18274754545,21.4,-10.6,0.6,False,52.3,0.4,14.4,,16.3,2026-09-22 11:38 UTC
UNH,UNH,US,UnitedHealth Group,Health Care,NYSE,377.56,13.6,11.8,-16.3,False,338895908242,28.1,-18.2,11.4,True,18.5,-3.8,2.7,,14.5,2026-09-22 11:38 UTC
MTD,MTD,US,Mettler Toledo,Health Care,NYSE,1430.44,13.7,4.0,0.7,False,28661094282,33.0,-6.2,0.9,True,59.4,-0.7,21.6,47.02,25.6,2026-09-22 11:38 UTC
BAC,BAC,US,Bank of America,Financials,NYSE,57.96,14.0,6.8,13.1,False,405299688833,13.3,-11.1,6.0,True,,,27.0,1.01,33.8,2026-09-22 11:38 UTC
SBUX,SBUX,US,Starbucks,Consumer Discretionary,NASDAQ,94.9,14.1,2.8,-50.6,False,108186001740,58.3,-14.1,4.9,True,22.8,-4.1,5.0,,7.8,2026-09-22 11:38 UTC
DHR,DHR,US,Danaher Corporation,Health Care,NYSE,215.84,14.2,2.9,-7.3,False,151732507321,42.0,-11.1,-2.7,True,59.1,-0.4,14.7,,17.6,2026-09-22 11:38 UTC
LMT,LMT,US,Lockheed Martin,Industrials,NYSE,535.4,14.3,5.6,-6.0,False,123565374791,24.6,-22.6,4.4,True,10.2,0.4,6.7,,12.3,2026-09-22 11:38 UTC
FTV,FTV,US,Fortive,Industrials,NYSE,55.09,14.5,1.9,-30.5,False,16638119441,28.7,-14.7,-10.6,False,63.5,-0.7,13.9,,15.8,2026-09-22 11:38 UTC
CTVA,CTVA,US,Corteva,Materials,NYSE,79.11,14.5,2.9,20.6,False,52781875967,48.2,-13.0,-0.1,True,47.3,3.6,6.3,2.34,9.2,2026-09-22 11:38 UTC
SCHW,SCHW,US,Charles Schwab Corporation,Financials,NYSE,106.88,14.6,22.0,49.0,False,184831396363,20.9,-6.7,4.8,True,,,37.0,0.43,59.0,2026-09-22 11:38 UTC
SOL.AX,SOL,ASX,Soul Patts,Financials,ASX,45.42,14.7,4.1,-27.0,False,17255951261,47.4,-3.7,-37.8,False,25.6,-6.0,59.4,,63.4,2026-09-22 11:38 UTC
MO,MO,US,Altria,Consumer Staples,NYSE,68.53,14.7,-1.5,-38.3,False,114427549211,16.5,-11.1,-0.9,False,72.2,1.9,34.5,,33.0,2026-09-22 11:38 UTC
JPM,JPM,US,JPMorgan Chase,Financials,NYSE,352.04,14.8,7.3,-2.4,False,935787890802,16.4,-3.9,12.5,False,,,31.4,,38.7,2026-09-22 11:38 UTC
PKG,PKG,US,Packaging Corporation of America,Materials,NYSE,238.31,14.9,7.2,-3.9,False,21233015417,27.4,-8.3,2.0,False,21.0,-0.2,8.6,,15.8,2026-09-22 11:38 UTC
HLT,HLT,US,Hilton Worldwide,Consumer Discretionary,NYSE,307.08,15.4,7.7,-5.1,False,69112929541,47.4,-14.2,11.1,False,28.2,0.8,12.1,,19.8,2026-09-22 11:38 UTC
SJM,SJM,US,J.M. Smucker Company (The),Consumer Staples,NYSE,119.88,15.5,3.7,88.7,False,12805962885,,-11.8,2.0,False,33.5,-5.3,-1.5,,2.2,2026-09-22 11:38 UTC
AEP,AEP,US,American Electric Power,Utilities,NASDAQ,120.03,15.6,10.9,20.7,False,65344013496,18.3,-14.6,3.7,True,61.0,-2.2,16.4,0.88,27.3,2026-09-22 11:38 UTC
CBOE,CBOE,US,Cboe Global Markets,Financials,Cboe BZX,271.43,15.6,15.1,43.8,False,28345710722,25.8,-26.9,6.0,True,40.9,1.6,23.3,0.59,38.5,2026-09-22 11:38 UTC
CPU.AX,CPU,ASX,Computershare,Information Technology,ASX,41.69,15.7,4.6,1.9,False,24112956154,39.0,-4.8,5.5,False,28.2,-0.5,19.0,20.22,23.6,2026-09-22 11:38 UTC
IRM,IRM,US,Iron Mountain,Real Estate,NYSE,116.89,15.7,12.2,-19.7,False,34798481513,240.7,-13.2,10.6,True,55.4,-0.8,2.1,,14.3,2026-09-22 11:38 UTC
EME,EME,US,Emcor,Industrials,NYSE,757.71,15.8,16.6,26.4,False,33422514056,26.3,-20.4,15.3,True,19.3,0.3,7.5,1.0,24.1,2026-09-22 11:38 UTC
CHRW,CHRW,US,C.H. Robinson,Industrials,NASDAQ,152.84,15.8,-8.4,26.1,False,17859545845,30.4,-27.3,-13.1,False,8.4,1.0,3.6,1.17,-4.8,2026-09-22 11:38 UTC
FRT,FRT,US,Federal Realty Investment Trust,Real Estate,NYSE,110.63,15.9,6.4,39.2,False,9612544545,23.4,-13.7,6.0,True,67.2,-0.2,32.1,0.6,38.5,2026-09-22 11:38 UTC
EMR,EMR,US,Emerson Electric,Industrials,NYSE,151.72,16.0,3.0,16.5,False,84629416681,36.9,-8.8,9.3,False,52.8,2.0,12.7,2.23,15.7,2026-09-22 11:38 UTC
KEY,KEY,US,KeyCorp,Financials,NYSE,20.87,16.1,65.7,1236.0,False,22270973818,12.2,-13.3,1.2,True,,,25.1,0.01,90.8,2026-09-22 11:38 UTC
LH,LH,US,Labcorp,Health Care,NYSE,320.99,16.3,7.2,17.5,False,26032288208,29.7,-6.1,5.6,True,28.8,0.9,6.3,1.7,13.5,2026-09-22 11:38 UTC
ETN,ETN,US,Eaton Corporation,Industrials,NYSE,435.43,16.4,10.3,7.7,False,169121009155,41.4,-8.9,9.8,True,37.6,-0.6,14.9,5.36,25.2,2026-09-22 11:38 UTC
ETR,ETR,US,Entergy,Utilities,NYSE,101.58,16.7,9.0,67.1,False,48532637496,27.4,-14.2,-2.0,True,47.7,-0.6,13.7,0.41,22.7,2026-09-22 11:38 UTC
QCOM,QCOM,US,Qualcomm,Information Technology,NASDAQ,194.23,16.8,13.7,-45.4,False,207449383827,37.4,-25.3,0.1,True,55.4,-0.8,12.5,,26.2,2026-09-22 11:38 UTC
WSM,WSM,US,"Williams-Sonoma, Inc.",Consumer Discretionary,NYSE,227.16,17.1,1.2,-3.3,False,26754717370,24.6,-10.9,-3.5,True,46.2,-0.3,13.9,,15.2,2026-09-22 11:38 UTC
MCHP,MCHP,US,Microchip Technology,Information Technology,NASDAQ,74.78,17.3,7.1,46100.0,False,40606189250,176.5,-29.4,-17.6,True,57.7,1.7,4.9,0.0,12.0,2026-09-22 11:38 UTC
BGA.AX,BGA,ASX,Bega Cheese,Consumer Staples,ASX,6.04,17.3,6.6,744.7,False,1845660908,33.7,-12.3,3.8,True,21.0,0.2,1.4,0.05,8.1,2026-09-22 11:38 UTC
MTB,MTB,US,M&T Bank,Financials,NYSE,226.96,17.4,4.3,10.2,False,32776715793,11.5,-11.3,6.3,True,,,29.6,1.13,33.9,2026-09-22 11:38 UTC
DRI,DRI,US,Darden Restaurants,Consumer Discretionary,NYSE,211.31,17.7,9.4,15.0,False,23992508183,19.9,-8.0,8.0,True,21.7,-0.2,9.1,1.33,18.5,2026-09-22 11:38 UTC
MFF.AX,MFF,ASX,MFF Capital Investments,Financials,ASX,5.48,17.8,-60.2,-63.1,False,3250657505,20.4,0.0,-19.5,False,,,65.9,,5.7,2026-09-22 11:38 UTC
VZ,VZ,US,Verizon,Communication Services,NYSE,47.68,18.0,2.5,-1.9,False,198099682899,11.5,-7.7,0.3,True,58.9,-0.9,12.4,,15.0,2026-09-22 11:38 UTC
F,F,US,Ford Motor Company,Consumer Discretionary,NYSE,13.17,18.2,1.2,-239.2,True,52516635239,,-25.9,5.8,False,0.9,-7.5,-4.4,,-3.1,2026-09-22 11:38 UTC
SPG,SPG,US,Simon Property Group,Real Estate,NYSE,204.98,18.4,6.7,95.2,False,66323228002,14.3,-14.1,6.3,True,81.9,-0.6,72.7,0.15,79.4,2026-09-22 11:38 UTC
PNC,PNC,US,PNC Financial Services,Financials,NYSE,233.25,18.6,10.9,17.8,False,93053610328,13.4,-9.9,3.0,True,,,30.1,0.75,41.0,2026-09-22 11:38 UTC
AES,AES,US,AES Corporation,Utilities,NYSE,14.83,18.6,-0.4,-45.8,False,10580294828,11.6,-16.0,-1.0,True,18.1,-0.8,7.4,,7.1,2026-09-22 11:38 UTC
HWM,HWM,US,Howmet Aerospace,Industrials,NYSE,227.37,18.6,11.1,30.6,False,90675472143,60.1,-26.7,13.4,False,34.2,3.1,18.3,1.97,29.3,2026-09-22 11:38 UTC
DLTR,DLTR,US,Dollar Tree,Consumer Staples,NASDAQ,112.33,18.9,10.4,142.3,False,21076511830,16.4,-21.1,8.0,True,36.4,0.6,6.6,0.12,17.0,2026-09-22 11:38 UTC
WHC.AX,WHC,ASX,Whitehaven Coal,Energy,ASX,7.77,19.3,-7.4,-40.7,False,6389455669,16.6,-21.5,-3.8,False,34.3,-0.7,7.1,,-0.3,2026-09-22 11:38 UTC
GL,GL,US,Globe Life,Financials,NYSE,172.16,19.5,3.7,8.4,False,13230401077,11.4,-10.1,4.7,False,,,19.4,1.35,23.1,2026-09-22 11:38 UTC
DOC,DOC,US,Healthpeak Properties,Real Estate,NYSE,20.72,19.7,4.5,-70.7,False,14287004354,200.2,-9.7,11.0,False,60.0,-0.2,2.5,,7.0,2026-09-22 11:38 UTC
EW,EW,US,Edwards Lifesciences,Health Care,NYSE,88.34,19.8,11.5,-74.3,False,50919173889,47.4,-8.3,10.8,True,78.0,-1.4,17.7,,29.2,2026-09-22 11:38 UTC
UPS,UPS,US,United Parcel Service,Industrials,NYSE,94.75,19.9,-2.6,-3.6,False,80611554894,14.5,-22.6,-4.0,False,18.1,0.1,6.3,,3.6,2026-09-22 11:38 UTC
ALL,ALL,US,Allstate,Financials,NYSE,242.86,19.9,5.6,120.3,False,61409081891,6.0,-12.4,9.8,False,,,15.3,0.05,20.9,2026-09-22 11:38 UTC
PM,PM,US,Philip Morris International,Consumer Staples,NYSE,187.48,19.9,7.3,60.8,False,292208840885,25.7,-9.8,8.6,False,67.1,2.3,27.9,0.42,35.2,2026-09-22 11:38 UTC
QBE.AX,QBE,ASX,QBE Insurance,Financials,ASX,23.21,20.1,4.1,21.2,False,34676306534,16.1,-10.1,13.3,False,,,11.1,0.76,15.1,2026-09-22 11:38 UTC
CVS,CVS,US,CVS Health,Health Care,NYSE,87.6,20.3,7.8,-61.7,False,112037802373,63.4,-20.9,7.6,True,13.8,-0.0,0.4,,8.3,2026-09-22 11:38 UTC
SOLV,SOLV,US,Solventum,Health Care,NYSE,88.84,20.4,0.9,224.8,False,15122675461,9.7,-5.6,0.8,True,53.5,-2.2,18.7,0.04,19.6,2026-09-22 11:38 UTC
GRMN,GRMN,US,Garmin,Consumer Discretionary,NYSE,280.31,20.5,15.1,17.9,False,54058493895,32.5,-10.8,14.2,False,58.7,0.0,23.0,1.82,38.0,2026-09-22 11:38 UTC
ANZ.AX,ANZ,ASX,Australia & New Zealand Banking Group,Financials,ASX,38.15,20.8,9.6,-9.9,False,114870811760,19.5,-7.0,5.5,True,,,26.4,,36.0,2026-09-22 11:38 UTC
EBAY,EBAY,US,eBay Inc.,Consumer Discretionary,NASDAQ,108.3,21.1,7.9,2.8,False,48193501358,23.7,-9.2,4.3,True,71.5,-0.5,18.3,8.37,26.2,2026-09-22 11:38 UTC
PCAR,PCAR,US,Paccar,Industrials,NASDAQ,114.73,21.1,-15.5,-42.9,False,60389852825,25.4,-17.6,-0.4,False,16.7,-3.3,8.4,,-7.2,2026-09-22 11:38 UTC
HAS,HAS,US,Hasbro,Consumer Discretionary,NASDAQ,87.72,21.2,13.7,-183.6,True,12372420817,,-18.0,-7.1,True,64.6,-0.0,-6.9,,6.8,2026-09-22 11:38 UTC
PDN.AX,PDN,ASX,Paladin Energy,Energy,ASX,10.29,21.3,71.3,112.0,False,4623898145,866.5,-31.9,183.7,,32.4,30.0,1.8,7.74,73.0,2026-09-22 11:38 UTC
GS,GS,US,Goldman Sachs,Financials,NYSE,959.39,21.4,8.9,20.3,False,279346941386,16.3,-16.9,7.2,False,,,29.5,0.8,38.4,2026-09-22 11:38 UTC
PRU,PRU,US,Prudential Financial,Financials,NYSE,118.53,21.4,-13.7,31.1,False,40892849579,11.4,-7.2,2.3,False,,,5.9,0.37,-7.9,2026-09-22 11:38 UTC
KMI,KMI,US,Kinder Morgan,Energy,NYSE,31.72,21.4,12.2,17.0,False,70634160734,23.1,-8.9,-4.1,True,52.9,-2.8,18.0,1.36,30.2,2026-09-22 11:38 UTC
UNP,UNP,US,Union Pacific Corporation,Industrials,NYSE,269.63,21.9,1.1,5.8,False,160180579426,22.4,-14.7,-0.5,True,45.8,0.3,29.1,3.87,30.2,2026-09-22 11:38 UTC
KDP,KDP,US,Keurig Dr Pepper,Consumer Staples,NASDAQ,30.62,22.0,8.2,44.3,False,41668494426,20.0,-9.5,5.7,True,54.2,-1.4,12.5,0.45,20.7,2026-09-22 11:38 UTC
DG,DG,US,Dollar General,Consumer Staples,NYSE,121.91,22.1,5.2,34.4,False,26895393677,17.8,-23.0,4.1,True,30.7,1.1,3.5,0.52,8.7,2026-09-22 11:38 UTC
ABBV,ABBV,US,AbbVie,Health Care,NYSE,264.48,22.5,8.6,-1.2,False,467367198951,110.6,-1.1,1.8,True,70.2,0.2,6.9,,15.5,2026-09-22 11:38 UTC
HPQ,HPQ,US,HP Inc.,Information Technology,NYSE,32.95,22.5,3.2,-8.9,False,29714013117,11.7,-9.1,-4.2,True,20.6,-1.5,4.6,,7.8,2026-09-22 11:38 UTC
AZJ.AX,AZJ,ASX,Aurizon,Industrials,ASX,3.7,22.6,7.7,19.5,False,6228237027,17.2,-16.3,6.6,True,83.1,-1.0,8.7,0.88,16.4,2026-09-22 11:38 UTC
FITB,FITB,US,Fifth Third Bancorp,Financials,NYSE,53.31,22.6,6.6,9.0,False,48346443832,19.2,-10.4,2.9,True,,,28.6,2.13,35.2,2026-09-22 11:38 UTC
MET,MET,US,MetLife,Financials,NYSE,96.64,22.7,7.9,-23.7,False,61412489837,18.2,-4.3,3.9,True,,,4.5,,12.3,2026-09-22 11:38 UTC
WMB,WMB,US,Williams Companies,Energy,NYSE,71.65,22.7,13.8,17.7,False,87639951235,33.5,-10.5,2.9,True,62.0,3.3,21.9,1.9,35.7,2026-09-22 11:38 UTC
PLD,PLD,US,Prologis,Real Estate,NYSE,135.82,23.0,7.2,-10.8,False,129074285545,38.8,-11.4,13.7,True,74.6,-0.3,37.9,,45.0,2026-09-22 11:38 UTC
BKR,BKR,US,Baker Hughes,Energy,NASDAQ,57.83,23.2,-0.3,-13.1,False,57406343344,22.2,-17.9,9.4,False,23.6,0.3,9.3,,9.0,2026-09-22 11:38 UTC
SWK,SWK,US,Stanley Black & Decker,Industrials,NYSE,88.68,23.3,-1.5,36.6,False,13392155770,33.3,-15.3,-3.7,True,30.3,0.9,2.7,0.91,1.1,2026-09-22 11:38 UTC
PFE,PFE,US,Pfizer,Health Care,NYSE,27.74,23.5,-1.6,-3.2,False,158108944054,20.3,-5.0,-14.8,False,74.3,2.4,12.4,,10.8,2026-09-22 11:38 UTC
RTX,RTX,US,RTX Corporation,Industrials,NYSE,194.34,23.7,9.7,41.0,False,261923312769,38.9,-14.3,9.7,False,20.1,1.0,7.6,0.95,17.3,2026-09-22 11:38 UTC
NVDA,NVDA,US,Nvidia,Information Technology,NASDAQ,227.38,24.1,65.5,64.7,False,5490544977905,45.7,-3.9,100.0,False,71.1,-3.9,55.6,0.71,121.1,2026-09-22 11:38 UTC
BALL,BALL,US,Ball Corporation,Materials,NYSE,59.71,24.3,11.6,-77.2,False,15805437204,17.3,-12.6,-0.5,True,19.6,-1.1,6.9,,18.5,2026-09-22 11:38 UTC
CB,CB,US,Chubb Limited,Financials,NYSE,337.26,24.7,6.7,11.2,False,130114864214,12.6,-7.8,11.6,False,,,17.2,1.13,24.0,2026-09-22 11:38 UTC
ROK,ROK,US,Rockwell Automation,Industrials,NYSE,424.89,24.7,0.9,-8.8,False,47183473572,54.3,-14.6,2.4,True,48.1,1.5,10.4,,11.4,2026-09-22 11:38 UTC
CGF.AX,CGF,ASX,Challenger,Financials,ASX,10.36,24.9,-23.1,162.9,False,7033295267,13.9,-4.5,3.0,False,,,28.6,0.09,5.4,2026-09-22 11:38 UTC
WAF.AX,WAF,ASX,West African Resources,Materials,ASX,3.6,25.0,111.7,111.7,False,4121833873,8.7,-11.3,36.3,True,63.4,5.2,30.9,0.08,142.6,2026-09-22 11:38 UTC
LYB,LYB,US,LyondellBasell,Materials,NYSE,60.24,25.3,-9.7,-154.8,True,19459806771,,-28.2,-15.8,False,8.5,-5.4,-2.5,,-12.2,2026-09-22 11:38 UTC
HSIC,HSIC,US,Henry Schein,Health Care,NASDAQ,85.2,25.4,4.0,2.1,False,9495245038,23.9,-7.6,1.4,True,31.1,-0.6,3.0,11.63,7.1,2026-09-22 11:38 UTC
VNT.AX,VNT,ASX,Ventia Services Group,Industrials,ASX,6.1,25.6,0.6,23.6,False,4988728573,18.3,-10.4,5.9,False,93.0,0.3,4.4,0.78,5.0,2026-09-22 11:38 UTC
JHX.AX,JHX,ASX,James Hardie,Materials,ASX,37.03,26.1,24.7,-75.5,False,21496747022,206.7,-16.1,8.6,True,35.8,-3.0,2.2,,26.9,2026-09-22 11:38 UTC
BDX,BDX,US,Becton Dickinson,Health Care,NYSE,180.7,26.3,8.2,-1.6,False,49220293929,29.3,-6.4,5.0,True,45.4,0.2,7.7,,15.9,2026-09-22 11:38 UTC
TPL,TPL,US,Texas Pacific Land Corporation,Energy,NYSE,366.8,26.3,13.1,6.0,False,25299912882,52.6,-33.0,6.1,True,85.5,-4.4,60.3,8.7,73.4,2026-09-22 11:38 UTC
EXPE,EXPE,US,Expedia Group,Consumer Discretionary,NASDAQ,281.02,26.7,7.6,4.9,False,33728602760,26.1,-17.8,8.1,True,90.1,0.7,8.8,5.36,16.4,2026-09-22 11:38 UTC
CMM.AX,CMM,ASX,Capricorn Metals,Materials,ASX,15.48,26.7,97.8,223.8,False,7076578013,25.1,-15.2,35.3,True,63.5,7.1,39.7,0.11,137.4,2026-09-22 11:38 UTC
EOG,EOG,US,EOG Resources,Energy,NYSE,141.38,26.8,-3.4,-22.2,False,74157937464,14.9,-8.3,-8.5,False,63.4,-5.0,22.1,,18.6,2026-09-22 11:38 UTC
USB,USB,US,U.S. Bancorp,Financials,NYSE,60.44,27.0,4.4,20.2,False,94168627257,12.4,-8.5,5.7,True,,,26.5,0.62,30.9,2026-09-22 11:38 UTC
ODFL,ODFL,US,Old Dominion,Industrials,NASDAQ,175.36,27.0,-5.5,-13.7,False,36362057360,35.5,-30.4,-4.2,False,33.0,-1.8,18.6,,13.1,2026-09-22 11:38 UTC
PH,PH,US,Parker Hannifin,Industrials,NYSE,958.17,27.1,8.3,3.3,False,120837130525,33.1,-12.9,4.1,True,37.7,0.8,17.0,10.0,25.3,2026-09-22 11:38 UTC
OXY,OXY,US,Occidental Petroleum,Energy,NYSE,57.25,27.6,-1.9,-23.9,False,57229239490,24.6,-15.1,-16.2,True,34.9,-2.7,10.8,,8.8,2026-09-22 11:38 UTC
CMI,CMI,US,Cummins,Industrials,NYSE,534.78,27.7,-1.3,-28.0,False,73620218391,25.9,-27.5,6.2,False,25.3,0.5,8.4,,7.2,2026-09-22 11:38 UTC
MCK,MCK,US,McKesson Corporation,Health Care,NYSE,886.47,27.7,12.4,44.5,False,103353855673,21.7,-11.3,13.4,False,3.6,-0.1,1.2,0.49,13.5,2026-09-22 11:38 UTC
AAI.AX,AAI,ASX,Alcoa,Materials,ASX,62.51,27.8,7.9,1828.3,False,16496978964,14.3,-47.0,1.0,False,16.9,1.4,9.0,0.01,16.9,2026-09-22 11:38 UTC
DOW,DOW,US,Dow Inc.,Materials,NYSE,28.27,28.0,-7.0,-335.0,True,20420572231,,-33.9,-11.1,False,6.3,-4.4,-6.6,,-13.5,2026-09-22 11:38 UTC
Q,Q,US,Qnity Electronics,Information Technology,NYSE,121.82,28.2,9.7,-0.1,False,25485784644,36.8,-31.3,-0.0,True,46.2,0.1,14.6,,24.2,2026-09-22 11:38 UTC
RDX.AX,RDX,ASX,Redox,Industrials,ASX,3.49,28.2,6.9,19.2,False,1832534189,19.9,-16.1,1.9,False,22.4,0.8,6.9,1.04,13.9,2026-09-22 11:38 UTC
DXCM,DXCM,US,Dexcom,Health Care,NASDAQ,89.17,28.3,15.6,45.1,False,33649258724,40.2,-3.7,17.0,True,60.1,-0.4,17.9,0.89,33.5,2026-09-22 11:38 UTC
ANN.AX,ANN,ASX,Ansell,Healthcare,ASX,42.49,28.6,6.8,105.3,False,5980846492,28.7,-0.7,8.9,False,41.4,0.3,9.7,0.27,16.6,2026-09-22 11:38 UTC
AME,AME,US,Ametek,Industrials,NYSE,241.23,28.8,6.6,7.6,False,55304688911,37.4,-7.6,6.4,True,36.0,0.4,20.0,4.94,26.6,2026-09-22 11:38 UTC
A,A,US,Agilent Technologies,Health Care,NYSE,161.94,29.2,6.7,1.1,False,45661544446,35.0,-1.1,0.5,True,52.4,-1.9,18.8,32.26,25.5,2026-09-22 11:38 UTC
P,P,US,Everpure,Information Technology,NYSE,113.66,29.4,15.6,76.3,False,37874610569,201.3,-4.6,10.0,True,70.4,0.5,5.1,2.64,20.8,2026-09-22 11:38 UTC
ECHO,ECHO,US,EchoStar,Communication Services,NASDAQ,95.36,30.4,-5.2,-12026.9,False,27732199061,,-35.2,-7.0,True,25.8,0.2,-96.6,,-101.8,2026-09-22 11:38 UTC
JBL,JBL,US,Jabil,Information Technology,NYSE,303.67,30.4,3.2,-52.7,False,31820696724,48.4,-29.2,-3.8,True,8.9,-0.4,2.2,,5.4,2026-09-22 11:38 UTC
APA.AX,APA,ASX,APA Group,Utilities,ASX,10.96,30.6,-5.2,109.1,False,14607647563,70.6,-1.3,2.0,False,,,6.9,0.65,1.6,2026-09-22 11:38 UTC
STO.AX,STO,ASX,Santos,Energy,ASX,8.53,30.6,-8.4,-33.2,False,27703502490,33.9,-3.2,-14.0,False,69.7,1.3,16.5,,8.1,2026-09-22 11:38 UTC
MAR,MAR,US,Marriott International,Consumer Discretionary,NASDAQ,342.66,30.8,4.3,9.5,False,89354177201,34.4,-16.6,8.0,False,19.9,0.1,9.9,3.61,14.3,2026-09-22 11:38 UTC
RSG.AX,RSG,ASX,Resolute Mining,Materials,ASX,1.18,30.9,8.1,555.2,False,2532839750,19.7,-29.7,10.0,False,58.6,4.8,14.9,0.04,22.9,2026-09-22 11:38 UTC
APH,APH,US,Amphenol,Information Technology,NYSE,80.72,31.2,51.7,76.2,False,199052852308,46.6,-9.6,22.3,True,36.9,3.1,18.5,0.61,70.2,2026-09-22 11:38 UTC
MS,MS,US,Morgan Stanley,Financials,NYSE,206.12,31.2,14.5,25.9,False,323725116438,19.2,-11.3,9.5,True,,,25.6,0.74,40.0,2026-09-22 11:38 UTC
ELV,ELV,US,Elevance Health,Health Care,NYSE,409.31,31.3,12.6,-5.3,False,88766768560,15.7,-6.2,8.3,True,,,2.8,,15.5,2026-09-22 11:38 UTC
GWW,GWW,US,W. W. Grainger,Industrials,NYSE,1277.79,31.6,4.5,-10.6,False,60185114518,35.3,-10.0,5.6,True,39.1,-0.3,9.5,,14.0,2026-09-22 11:38 UTC
LUV,LUV,US,Southwest Airlines,Industrials,NYSE,41.77,31.6,2.1,-5.2,False,20434226780,46.3,-24.2,5.6,False,17.4,1.2,1.6,,3.7,2026-09-22 11:38 UTC
CFG,CFG,US,Citizens Financial Group,Financials,NYSE,67.36,32.0,5.6,21.3,False,28370468697,15.5,-10.6,0.9,True,,,22.2,0.73,27.8,2026-09-22 11:38 UTC
GMD.AX,GMD,ASX,Genesis Minerals,Materials,ASX,7.55,32.1,89.4,172.1,False,8870851901,14.7,-14.6,182.9,False,58.4,3.6,34.5,0.09,123.9,2026-09-22 11:38 UTC
DBI.AX,DBI,ASX,Dalrymple Bay Infrastructure,Industrials,ASX,5.43,32.4,-2.9,-64.2,False,2691985767,92.0,-9.7,4.4,False,,,4.4,,1.5,2026-09-22 11:38 UTC
CPAY,CPAY,US,Corpay,Financials,NYSE,397.22,32.4,13.9,6.6,False,26081305995,24.4,-7.1,9.7,True,78.6,0.5,23.6,3.7,37.6,2026-09-22 11:38 UTC
CSC.AX,CSC,ASX,Capstone Copper,Materials,ASX,14.69,32.7,47.6,281.0,False,11222415469,35.5,-17.6,22.1,True,23.6,10.3,13.4,0.13,60.9,2026-09-22 11:38 UTC
AAPL,AAPL,US,Apple Inc.,Information Technology,NASDAQ,338.98,32.9,6.4,19.5,False,4947135296736,44.2,-1.6,1.8,True,46.9,0.7,26.9,2.27,33.3,2026-09-22 11:38 UTC
ABNB,ABNB,US,Airbnb,Consumer Discretionary,NASDAQ,166.84,33.0,10.3,-5.2,False,98366473026,39.2,-13.8,13.4,False,83.0,-0.1,20.5,,30.8,2026-09-22 11:38 UTC
VTR,VTR,US,Ventas,Real Estate,NYSE,87.03,33.0,18.5,209.8,False,44641720998,177.6,-14.3,12.2,True,41.4,-1.2,4.3,0.85,22.8,2026-09-22 11:38 UTC
AIZ,AIZ,US,Assurant,Financials,NYSE,277.38,33.3,7.9,14.8,False,13681426731,15.7,-8.7,7.9,True,,,6.8,1.06,14.7,2026-09-22 11:38 UTC
C,C,US,Citigroup,Financials,NYSE,135.05,33.3,5.6,12.8,False,226537842663,15.8,-8.7,4.6,True,,,16.8,1.24,22.4,2026-09-22 11:38 UTC
VRTX,VRTX,US,Vertex Pharmaceuticals,Health Care,NASDAQ,510.72,33.3,8.9,838.1,False,129447563415,32.7,-8.8,10.4,False,86.2,0.1,32.9,0.04,41.8,2026-09-22 11:38 UTC
WGX.AX,WGX,ASX,Westgold Resources,Materials,ASX,5.53,33.7,9.5,852.0,False,5249385293,55.1,-32.2,5.2,True,27.9,16.5,13.3,0.06,22.8,2026-09-22 11:38 UTC
JCI,JCI,US,Johnson Controls,Industrials,NYSE,145.18,34.0,2.8,93.0,False,87941542178,26.7,-7.6,4.6,True,36.4,1.2,13.9,0.29,16.8,2026-09-22 11:38 UTC
DD,DD,US,DuPont,Industrials,NYSE,129.79,34.4,1.9,-210.8,True,17527226819,,-17.8,-19.3,True,34.5,1.5,-11.4,,-9.4,2026-09-22 11:38 UTC
REGN,REGN,US,Regeneron Pharmaceuticals,Health Care,NASDAQ,798.17,34.7,1.0,2.1,False,82175581012,18.2,-7.1,5.6,False,85.4,-0.8,31.4,8.72,32.4,2026-09-22 11:38 UTC
DGX,DGX,US,Quest Diagnostics,Health Care,NYSE,244.88,34.9,11.8,13.9,False,27028228936,27.2,-1.6,3.7,True,33.2,0.4,9.0,1.96,20.8,2026-09-22 11:38 UTC
KO,KO,US,Coca-Cola Company (The),Consumer Staples,NYSE,87.12,35.1,1.9,23.3,False,374838101867,28.6,-5.8,3.7,False,61.6,0.6,27.3,1.23,29.2,2026-09-22 11:38 UTC
OKE,OKE,US,Oneok,Energy,NYSE,91.8,35.1,55.0,11.8,False,57871566759,17.1,-8.1,14.5,True,26.0,-7.4,10.1,1.45,65.1,2026-09-22 11:38 UTC
EQIX,EQIX,US,Equinix,Real Estate,NASDAQ,1057.26,35.3,5.4,65.6,False,104321627704,77.3,-6.3,8.3,False,51.1,2.2,14.6,1.18,20.0,2026-09-22 11:38 UTC
CVX,CVX,US,Chevron Corporation,Energy,NYSE,203.67,35.7,-4.6,-30.4,False,399519735224,32.5,-6.5,-7.9,False,30.4,1.0,6.7,,2.0,2026-09-22 11:38 UTC
BBY,BBY,US,Best Buy,Consumer Discretionary,NYSE,93.22,35.7,0.4,15.3,False,19550816264,18.3,-2.7,-3.4,True,22.5,-0.1,2.6,1.19,3.0,2026-09-22 11:38 UTC
RRL.AX,RRL,ASX,Regis Resources,Materials,ASX,7.81,36.1,42.6,181.1,False,5925418559,8.3,-21.9,27.5,True,59.8,9.9,30.4,0.05,73.0,2026-09-22 11:38 UTC
FFIV,FFIV,US,"F5, Inc.",Information Technology,NASDAQ,450.1,36.3,9.7,22.2,False,25487894964,36.8,-0.2,4.6,True,81.4,1.2,22.4,1.66,32.1,2026-09-22 11:38 UTC
TRV,TRV,US,Travelers Companies (The),Financials,NYSE,371.13,36.5,5.2,25.8,False,77408448933,12.3,-6.9,9.8,False,,,12.9,0.48,18.0,2026-09-22 11:38 UTC
DNL.AX,DNL,ASX,Dyno Nobel,Materials,ASX,3.93,36.8,-29.7,82.9,False,6882801376,,-6.9,-16.2,False,66.9,17.7,-1.4,,-31.1,2026-09-22 11:38 UTC
GILD,GILD,US,Gilead Sciences,Health Care,NASDAQ,150.56,37.2,2.4,1672.9,False,186687645110,21.9,-4.3,2.6,False,78.8,0.6,28.9,0.01,31.3,2026-09-22 11:38 UTC
TECH,TECH,US,Bio-Techne,Health Care,NASDAQ,72.47,37.4,-0.4,147.8,False,11364617899,62.5,-0.2,2.2,False,65.8,1.0,15.0,0.42,14.6,2026-09-22 11:38 UTC
MNST,MNST,US,Monster Beverage,Consumer Staples,NASDAQ,44.0,37.5,10.7,26.3,False,86198277616,45.2,-12.3,9.5,True,55.8,1.8,23.0,1.72,33.7,2026-09-22 11:38 UTC
IFF,IFF,US,International Flavors & Fragrances,Materials,NYSE,83.6,38.3,-5.2,-237.3,True,21330536517,,-6.4,-4.3,False,36.2,0.3,-3.3,,-8.5,2026-09-22 11:38 UTC
NEM.AX,NEM,ASX,Newmont,Materials,ASX,171.84,38.6,21.3,111.6,False,181066475990,25.6,-10.0,23.9,False,53.2,15.0,31.3,0.23,52.6,2026-09-22 11:38 UTC
NTRS,NTRS,US,Northern Trust,Financials,NASDAQ,178.95,38.7,-2.5,-14.5,False,32739913546,18.8,-8.6,6.1,False,,,21.5,,19.0,2026-09-22 11:38 UTC
EVN.AX,EVN,ASX,Evolution Mining,Materials,ASX,13.65,38.7,,,False,27908084839,,-23.1,,,,,,,,2026-09-22 11:38 UTC
DVA,DVA,US,DaVita,Health Care,NYSE,182.34,39.0,6.5,-20.2,False,11633291766,15.6,-26.3,5.5,True,32.2,-0.7,5.5,,11.9,2026-09-22 11:38 UTC
GOOG,GOOG,US,Alphabet Inc. (Class C),Communication Services,NASDAQ,350.87,39.1,15.1,32.0,False,4291117174436,32.5,-13.3,12.5,True,59.7,1.5,32.8,1.01,47.9,2026-09-22 11:38 UTC
TMO,TMO,US,Thermo Fisher Scientific,Health Care,NYSE,658.76,39.2,3.9,5.8,False,243574725736,36.3,-0.7,-0.3,True,40.9,-0.3,15.0,6.24,19.0,2026-09-22 11:38 UTC
ON,ON,US,ON Semiconductor,Information Technology,NASDAQ,71.72,39.3,-15.3,-92.3,False,27921931400,230.8,-46.8,-10.4,False,33.1,-12.3,2.0,,-13.3,2026-09-22 11:38 UTC
MPWR,MPWR,US,Monolithic Power Systems,Information Technology,NASDAQ,1277.68,39.4,26.4,-61.0,False,62789030880,101.0,-25.5,15.9,True,55.2,-0.1,22.3,,48.7,2026-09-22 11:38 UTC
FANG,FANG,US,Diamondback Energy,Energy,NASDAQ,189.27,39.6,35.4,-50.1,False,52999347228,31.9,-12.7,16.0,True,35.0,-10.3,11.1,,46.6,2026-09-22 11:38 UTC
IGO.AX,IGO,ASX,IGO,Materials,ASX,6.79,40.0,-12.4,115.2,False,5141848421,35.4,-32.4,-24.7,True,,,32.4,0.31,20.0,2026-09-22 11:38 UTC
WAT,WAT,US,Waters Corporation,Health Care,NYSE,423.92,40.1,7.0,0.8,False,41622948970,64.8,-1.8,2.1,True,59.3,-0.1,20.3,86.16,27.3,2026-09-22 11:38 UTC
CSX,CSX,US,CSX Corporation,Industrials,NASDAQ,45.99,40.3,-3.1,-16.7,False,85195324542,29.5,-14.2,-1.7,False,33.2,-3.6,20.5,,17.4,2026-09-22 11:38 UTC
MIN.AX,MIN,ASX,Mineral Resources,Materials,ASX,54.11,40.5,22.9,748.8,False,10742850881,10.1,-27.8,23.6,True,83.8,10.4,16.4,0.01,39.3,2026-09-22 11:38 UTC
REH.AX,REH,ASX,Reece Group,Industrials,ASX,16.33,40.6,4.5,-2.8,False,10044451611,32.6,-7.4,2.0,True,28.9,0.5,3.3,,7.7,2026-09-22 11:38 UTC
HST,HST,US,Host Hotels & Resorts,Real Estate,NASDAQ,22.31,40.6,7.6,9.8,False,15285124976,20.0,-13.2,7.6,True,52.6,-0.8,12.5,2.05,20.1,2026-09-22 11:38 UTC
IEX,IEX,US,IDEX Corporation,Industrials,NYSE,222.53,40.6,5.8,-4.3,False,16404888367,34.0,-8.7,2.8,True,44.5,0.3,14.0,,19.7,2026-09-22 11:38 UTC
GOOGL,GOOGL,US,Alphabet Inc. (Class A),Communication Services,NASDAQ,354.97,40.9,15.1,32.0,False,4341259981889,32.8,-13.1,12.5,True,59.7,1.5,32.8,1.03,47.9,2026-09-22 11:38 UTC
WELL,WELL,US,Welltower,Real Estate,NYSE,232.76,41.1,35.8,-1.6,False,167720337322,179.0,-8.8,22.7,True,39.2,0.7,8.8,,44.6,2026-09-22 11:38 UTC
NDSN,NDSN,US,Nordson Corporation,Industrials,NASDAQ,314.35,41.2,3.8,3.7,False,17509096042,36.1,-7.3,2.5,True,55.2,-0.1,17.4,9.82,21.1,2026-09-22 11:38 UTC
AMGN,AMGN,US,Amgen,Health Care,NASDAQ,393.16,41.3,10.0,88.5,False,212554881066,27.6,-12.1,11.8,False,67.2,5.7,21.0,0.31,30.9,2026-09-22 11:38 UTC
ANET,ANET,US,Arista Networks,Information Technology,NYSE,205.42,41.3,28.6,23.1,False,259080764883,73.8,-4.4,27.1,True,64.1,-0.1,39.0,3.19,67.6,2026-09-22 11:38 UTC
DAL,DAL,US,Delta Air Lines,Industrials,NYSE,82.5,41.6,2.8,44.8,False,54253899975,10.8,-13.8,7.8,False,24.2,-0.4,7.9,0.24,10.7,2026-09-22 11:38 UTC
EOS.AX,EOS,ASX,Electro Optic Systems Holdings,Industrials,ASX,11.32,42.0,-27.2,199.4,False,2509668406,134.8,-10.0,-2.3,False,63.4,15.4,14.5,0.68,-12.8,2026-09-22 11:38 UTC
VAU.AX,VAU,ASX,Vault Minerals,Materials,ASX,6.28,42.0,,,False,6497074038,23.3,-12.4,85.4,,54.7,,14.5,,,2026-09-22 11:38 UTC
ALB,ALB,US,Albemarle Corporation,Materials,NYSE,112.92,42.1,-4.4,56.7,False,13325130820,,-48.9,-11.1,True,13.0,11.8,-9.9,,-14.3,2026-09-22 11:38 UTC
WOW.AX,WOW,ASX,Woolworths Group,Consumer Staples,ASX,37.93,42.5,3.6,18.2,False,46335257763,40.7,-7.9,3.6,True,27.4,0.1,1.6,2.24,5.2,2026-09-22 11:38 UTC
COP,COP,US,ConocoPhillips,Energy,NYSE,127.53,43.0,7.7,-13.6,False,155369033226,19.5,-9.9,-9.1,True,25.1,-4.8,13.6,,21.2,2026-09-22 11:38 UTC
BNY,BNY,US,BNY Mellon,Financials,NYSE,153.89,43.2,8.2,22.5,False,104415001998,18.8,-7.2,6.9,True,,,28.1,0.84,36.3,2026-09-22 11:38 UTC
ADM,ADM,US,Archer Daniels Midland,Consumer Staples,NYSE,83.38,43.4,-6.2,-40.1,False,40185788707,37.3,-6.1,-7.5,True,6.3,-0.5,1.3,,-4.8,2026-09-22 11:38 UTC
IVZ,IVZ,US,Invesco,Financials,NYSE,31.38,43.5,5.1,-136.4,True,13854262726,,-6.8,1.8,False,35.2,1.8,-4.4,,0.7,2026-09-22 11:38 UTC
IQV,IQV,US,IQVIA,Health Care,NYSE,269.88,43.7,5.9,-0.9,False,44422248804,32.7,-1.5,4.2,True,33.3,-1.6,8.3,,14.2,2026-09-22 11:38 UTC
GM,GM,US,General Motors,Consumer Discretionary,NYSE,83.95,43.8,-1.3,-55.1,False,75928704107,28.2,-8.6,5.7,False,6.3,-6.2,1.5,,0.2,2026-09-22 11:38 UTC
WAB,WAB,US,Wabtec,Industrials,NYSE,283.38,43.8,7.5,10.8,False,47865957781,40.9,-7.6,10.1,True,34.1,1.7,10.5,3.79,18.0,2026-09-22 11:38 UTC
WST,WST,US,West Pharmaceutical Services,Health Care,NYSE,361.78,43.9,6.3,0.2,False,25460543090,51.6,-6.3,2.1,True,35.9,1.4,16.1,254.09,22.3,2026-09-22 11:38 UTC
DVN,DVN,US,Devon Energy,Energy,NYSE,47.59,44.7,7.8,-8.6,False,52349000168,19.8,-9.7,-3.6,True,25.5,-4.0,15.4,,23.2,2026-09-22 11:38 UTC
XOM,XOM,US,ExxonMobil,Energy,NYSE,158.3,45.4,-4.5,-14.4,False,650915675817,22.6,-10.3,-6.7,False,22.0,-0.6,8.9,,4.4,2026-09-22 11:38 UTC
OBM.AX,OBM,ASX,Ora Banda Mining,Materials,ASX,1.52,45.5,276.9,684.2,False,2942381371,13.6,-11.6,73.6,True,60.1,35.3,26.8,0.02,303.7,2026-09-22 11:38 UTC
PRU.AX,PRU,ASX,Perseus Mining,Materials,ASX,6.66,45.5,18.9,15.5,False,8838695541,20.6,-2.3,16.3,False,58.0,-1.3,28.9,1.33,47.8,2026-09-22 11:38 UTC
IBKR,IBKR,US,Interactive Brokers,Financials,NASDAQ,93.21,45.8,9.7,30.3,False,42231415904,42.9,-5.6,34.6,False,89.8,0.7,9.6,1.41,19.4,2026-09-22 11:38 UTC
BMY,BMY,US,Bristol Myers Squibb,Health Care,NYSE,62.62,45.9,-0.2,178.8,False,127914789577,18.1,-8.8,1.4,False,71.1,0.0,14.6,0.1,14.4,2026-09-22 11:38 UTC
WDS.AX,WDS,ASX,Woodside Energy Group,Energy,ASX,31.67,46.2,-1.5,-23.9,False,60207841706,22.2,-11.6,-8.3,True,34.9,-8.1,20.9,,19.5,2026-09-22 11:38 UTC
BEN,BEN,US,Franklin Resources,Financials,NYSE,33.64,46.2,3.5,12.9,False,17091706942,32.6,-7.3,2.0,False,80.3,0.2,6.0,2.52,9.4,2026-09-22 11:38 UTC
BSL.AX,BSL,ASX,BlueScope,Materials,ASX,29.92,46.3,2.2,857.0,False,13107276769,16.3,-15.1,-3.0,True,39.4,2.5,4.8,0.02,7.0,2026-09-22 11:38 UTC
PFG,PFG,US,Principal Financial Group,Financials,NASDAQ,116.47,46.6,-3.1,-24.6,False,24936767799,21.0,-3.9,-3.8,False,,,7.6,,4.5,2026-09-22 11:38 UTC
CF,CF,US,CF Industries,Materials,NYSE,123.27,46.9,19.3,19.5,False,18655450777,12.8,-13.2,-14.1,True,38.5,3.8,20.5,0.66,39.9,2026-09-22 11:38 UTC
SMR.AX,SMR,ASX,Stanmore Resources,Materials,ASX,2.71,47.1,-21.5,-124.6,True,2475931153,,-16.2,-11.3,False,83.1,-0.3,-2.5,,-24.0,2026-09-22 11:38 UTC
INCY,INCY,US,Incyte,Health Care,NASDAQ,124.65,47.1,21.2,3845.0,False,25266274348,19.6,-6.0,14.8,True,92.8,0.1,25.0,0.01,46.2,2026-09-22 11:38 UTC
GEV,GEV,US,GE Vernova,Industrials,NYSE,946.22,47.2,9.0,214.7,False,252010153211,51.6,-20.9,8.7,True,19.8,2.4,12.8,0.24,21.8,2026-09-22 11:38 UTC
DE,DE,US,Deere & Company,Industrials,NYSE,684.73,47.8,-11.6,-29.2,False,184620603093,36.7,-3.0,-4.5,True,36.5,-2.1,11.3,,-0.3,2026-09-22 11:38 UTC
RIO.AX,RIO,ASX,Rio Tinto,Materials,ASX,166.3,48.0,7.4,-13.7,False,270273021152,27.1,-15.1,1.2,True,57.4,1.0,17.3,,24.7,2026-09-22 11:38 UTC
NEM,NEM,US,Newmont,Materials,NYSE,123.05,48.4,21.3,111.6,False,129656837162,18.3,-9.0,23.9,False,53.2,15.0,31.3,0.16,52.6,2026-09-22 11:38 UTC
HUM,HUM,US,Humana,Health Care,NYSE,378.58,48.9,10.1,-1.6,False,45460001390,38.3,-11.7,11.8,False,,,0.9,,11.0,2026-09-22 11:38 UTC
MND.AX,MND,ASX,Monadelphous Group,Industrials,ASX,31.76,49.0,16.7,16.2,False,3192598307,51.3,-13.9,5.4,True,6.8,-0.1,3.1,3.17,19.8,2026-09-22 11:38 UTC
LSF.AX,LSF,ASX,L1 Long Short Fund,Financials,ASX,4.87,49.1,,,False,3090837957,4.9,-4.3,41.7,,,,65.9,,,2026-09-22 11:38 UTC
BG,BG,US,Bunge Global,Consumer Staples,NYSE,112.61,49.7,32.4,-28.2,False,21634534558,26.5,-16.5,1.5,True,4.8,-1.5,1.2,,33.6,2026-09-22 11:38 UTC
HAL,HAL,US,Halliburton,Energy,NYSE,33.39,50.7,-3.3,-48.7,False,27818222446,21.7,-23.4,3.0,False,15.7,-3.0,5.8,,2.5,2026-09-22 11:38 UTC
BGL.AX,BGL,ASX,Bellevue Gold,Materials,ASX,1.62,51.2,69.5,-160.8,True,2423691374,,-18.8,69.5,,28.7,-18.4,-9.1,,60.4,2026-09-22 11:38 UTC
GGP.AX,GGP,ASX,Greatland Resources,Materials,ASX,10.8,51.5,136.0,155.7,False,7286407627,8.4,-30.0,,,61.8,-3.3,38.2,0.05,174.2,2026-09-22 11:38 UTC
EMR.AX,EMR,ASX,Emerald Resources,Materials,ASX,7.03,52.5,39.8,196.3,False,4661554502,18.0,-13.3,26.4,True,73.3,16.4,43.1,0.09,83.0,2026-09-22 11:38 UTC
AKAM,AKAM,US,Akamai Technologies,Information Technology,NASDAQ,117.41,53.1,5.4,-10.5,False,16873767589,37.3,-29.0,5.2,True,58.9,-0.4,10.7,,16.2,2026-09-22 11:38 UTC
AMP.AX,AMP,ASX,AMP,Financials,ASX,2.54,53.2,1.5,-11.3,False,6179291940,46.5,-0.4,-15.3,True,,,15.3,,16.8,2026-09-22 11:38 UTC
TXN,TXN,US,Texas Instruments,Information Technology,NASDAQ,270.87,54.7,13.0,4.2,False,247371396248,49.5,-18.9,-4.1,True,57.0,-1.1,28.3,11.75,41.3,2026-09-22 11:38 UTC
CAH,CAH,US,Cardinal Health,Health Care,NYSE,225.75,54.7,14.2,9.8,False,52503970596,30.6,-12.6,7.4,True,3.8,0.2,0.7,3.13,14.9,2026-09-22 11:38 UTC
LLY,LLY,US,Lilly (Eli),Health Care,NYSE,1164.89,55.3,44.7,94.9,False,1038780659498,50.3,-9.9,31.7,True,83.0,1.7,31.7,0.53,76.4,2026-09-22 11:38 UTC
BIIB,BIIB,US,Biogen,Health Care,NASDAQ,219.07,55.7,2.2,-20.8,False,32368469424,25.0,-3.0,-0.9,True,75.7,-0.4,13.1,,15.3,2026-09-22 11:38 UTC
SLB,SLB,US,Schlumberger,Energy,NYSE,51.76,56.3,-1.6,-24.4,False,76819251145,22.8,-14.4,8.3,False,18.2,-2.3,9.4,,7.8,2026-09-22 11:38 UTC
ADI,ADI,US,Analog Devices,Information Technology,NASDAQ,383.0,56.8,16.9,38.7,False,185588573095,81.9,-14.1,-2.8,True,61.5,4.4,20.6,2.12,37.5,2026-09-22 11:38 UTC
WBD,WBD,US,Warner Bros. Discovery,Communication Services,NASDAQ,30.8,57.1,-5.1,106.4,False,77219808509,106.2,-0.4,3.3,False,44.0,2.4,1.9,1.0,-3.2,2026-09-22 11:38 UTC
JNJ,JNJ,US,Johnson & Johnson,Health Care,NYSE,269.47,58.2,6.0,90.6,False,649395377875,24.2,-4.1,5.6,True,67.9,-1.2,28.5,0.27,34.5,2026-09-22 11:38 UTC
BHP.AX,BHP,ASX,BHP,Materials,ASX,61.22,59.2,14.6,9.0,False,311178437963,31.6,-11.0,3.0,True,75.6,3.9,16.7,3.51,31.4,2026-09-22 11:38 UTC
ROST,ROST,US,Ross Stores,Consumer Discretionary,NASDAQ,231.25,61.2,7.7,2.6,False,73873531688,34.4,-10.0,6.8,True,27.7,-0.1,9.4,13.26,17.1,2026-09-22 11:38 UTC
ALD.AX,ALD,ASX,Ampol,Energy,ASX,44.84,61.4,-5.7,-29.5,False,10685466156,112.0,1.5,-4.0,False,8.5,1.5,0.3,,-5.5,2026-09-22 11:38 UTC
FCX,FCX,US,Freeport-McMoRan,Materials,NYSE,72.16,61.5,1.8,16.7,False,103623029719,47.0,-10.1,4.4,False,28.2,-1.9,8.5,2.82,10.3,2026-09-22 11:38 UTC
NTAP,NTAP,US,NetApp,Information Technology,NASDAQ,198.15,61.8,5.4,7.6,False,38920424642,30.5,-5.2,2.9,True,70.7,0.6,18.4,4.02,23.8,2026-09-22 11:38 UTC
FDX,FDX,US,FedEx,Industrials,NYSE,295.79,62.2,7.7,8.3,False,70004749991,15.8,-14.4,1.7,True,21.8,0.2,4.7,1.9,12.4,2026-09-22 11:38 UTC
PWR,PWR,US,Quanta Services,Industrials,NYSE,642.61,62.4,20.3,13.7,False,96612165573,93.9,-18.5,18.6,True,15.0,0.2,3.6,6.88,23.9,2026-09-22 11:38 UTC
EXPD,EXPD,US,Expeditors International,Industrials,NYSE,192.15,62.5,4.4,0.0,False,24977697224,30.8,-1.3,-13.4,False,12.9,0.2,7.3,964.08,11.7,2026-09-22 11:38 UTC
NHC.AX,NHC,ASX,New Hope,Energy,ASX,5.99,63.4,-0.2,-63.4,False,5054200400,31.4,-9.4,-13.5,True,64.3,7.7,9.2,,9.0,2026-09-22 11:38 UTC
VRT,VRT,US,Vertiv,Industrials,NYSE,250.86,65.3,27.7,168.8,False,96578133314,72.5,-34.0,21.6,True,36.3,-0.3,13.0,0.43,40.7,2026-09-22 11:38 UTC
RVTY,RVTY,US,Revvity,Health Care,NYSE,143.59,66.9,3.7,-10.8,False,16022690911,66.4,-4.0,-4.8,True,54.8,-1.0,8.4,,12.1,2026-09-22 11:38 UTC
STT,STT,US,State Street Corporation,Financials,NYSE,184.4,66.9,8.1,9.6,False,50655003789,17.2,-5.9,4.8,False,,,21.1,1.79,29.2,2026-09-22 11:38 UTC
STLD,STLD,US,Steel Dynamics,Materials,NASDAQ,229.99,67.4,3.6,-22.9,False,32964027746,27.8,-20.3,-6.5,True,13.2,-2.8,6.5,,10.1,2026-09-22 11:38 UTC
CSCO,CSCO,US,Cisco,Information Technology,NASDAQ,111.46,67.9,11.8,30.3,False,439440729255,33.1,-14.5,3.6,True,64.5,-0.4,21.0,1.09,32.7,2026-09-22 11:38 UTC
RHC.AX,RHC,ASX,Ramsay Health Care,Healthcare,ASX,55.5,70.6,6.7,-97.3,False,12811054510,533.8,-0.9,10.5,False,77.3,-0.2,0.1,,6.9,2026-09-22 11:38 UTC
ALK.AX,ALK,ASX,Alkane Resources,Materials,ASX,1.95,71.4,-9.2,-58.4,False,2664099466,150.7,-3.0,2.4,False,40.5,-15.7,10.2,,1.0,2026-09-22 11:38 UTC
KLAC,KLAC,US,KLA Corporation,Information Technology,NASDAQ,183.97,72.7,11.7,18.9,False,240365413263,49.8,-40.1,9.0,False,61.3,0.4,35.6,2.63,47.3,2026-09-22 11:38 UTC
CDA.AX,CDA,ASX,Codan,Information Technology,ASX,51.37,72.9,29.8,69.3,False,9365880843,53.5,-0.8,24.2,True,59.3,3.1,20.0,0.77,49.8,2026-09-22 11:38 UTC
CAT,CAT,US,Caterpillar Inc.,Industrials,NYSE,816.5,74.5,4.3,-17.7,False,375324546868,42.2,-23.9,4.4,True,31.8,-4.2,13.1,,17.4,2026-09-22 11:38 UTC
L1G.AX,L1G,ASX,L1 Group,Financials,ASX,1.18,75.9,579.4,2217.9,False,3041363362,20.9,-13.5,62.5,True,,,15.7,0.01,595.1,2026-09-22 11:38 UTC
DDOG,DDOG,US,Datadog,Information Technology,NASDAQ,245.05,77.1,27.7,-41.4,False,87991335727,816.7,-16.3,26.9,True,80.0,-0.8,3.1,,30.8,2026-09-22 11:38 UTC
PANW,PANW,US,Palo Alto Networks,Information Technology,NASDAQ,371.76,78.6,24.5,-72.9,False,304099687988,990.6,-6.8,18.5,True,70.4,-3.1,2.7,,27.2,2026-09-22 11:38 UTC
TRGP,TRGP,US,Targa Resources,Energy,NYSE,289.36,78.9,3.9,46.6,False,62047757095,32.3,-6.0,-6.6,True,29.4,3.4,11.3,0.69,15.2,2026-09-22 11:38 UTC
NWH.AX,NWH,ASX,NRW Holdings,Industrials,ASX,8.11,80.7,31.4,453.9,False,3726276791,24.3,-3.8,17.2,True,61.6,6.6,3.6,0.05,35.0,2026-09-22 11:38 UTC
SGM.AX,SGM,ASX,Sims Metal,Materials,ASX,24.34,80.8,6.9,1391.1,False,4703291055,19.2,-23.5,-0.2,True,31.6,2.9,3.1,0.01,9.9,2026-09-22 11:38 UTC
VTRS,VTRS,US,Viatris,Health Care,NASDAQ,17.1,80.9,-3.0,-454.2,False,19640904213,,-7.0,-4.2,True,35.1,-3.1,-24.6,,-27.6,2026-09-22 11:38 UTC
CRL,CRL,US,Charles River Laboratories,Health Care,NYSE,279.01,81.3,-0.9,-1501.7,True,13319623143,,-8.0,0.3,True,33.0,0.1,-3.6,,-4.4,2026-09-22 11:38 UTC
SFR.AX,SFR,ASX,Sandfire Resources,Materials,ASX,22.36,81.7,38.8,281.6,False,10463464538,29.4,-10.6,28.1,True,,,21.6,0.1,60.4,2026-09-22 11:38 UTC
PLS.AX,PLS,ASX,PLS Group,Materials,ASX,4.13,82.0,73.0,368.6,False,13323160521,25.3,-39.4,-29.1,True,57.2,20.0,34.1,0.07,107.1,2026-09-22 11:38 UTC
JBHT,JBHT,US,J.B. Hunt,Industrials,NASDAQ,236.17,82.2,-0.7,4.8,False,22179890972,37.1,-21.2,-6.8,True,13.3,0.3,5.0,7.73,4.3,2026-09-22 11:38 UTC
NUE,NUE,US,Nucor,Materials,NYSE,242.4,82.4,5.7,-14.0,False,54994662478,31.5,-13.5,-7.8,True,11.9,-1.4,5.4,,11.1,2026-09-22 11:38 UTC
VEA.AX,VEA,ASX,Viva Energy,Energy,ASX,3.21,85.6,-5.2,-451.9,False,5272492267,,0.6,2.8,False,12.1,2.3,-1.5,,-6.7,2026-09-22 11:38 UTC
FLEX,FLEX,US,Flex Ltd.,Information Technology,NASDAQ,111.61,89.1,8.1,5.0,False,41229066600,46.9,-33.1,-0.7,True,9.2,0.8,3.2,9.35,11.3,2026-09-22 11:38 UTC
TGT,TGT,US,Target Corporation,Consumer Staples,NYSE,157.71,89.6,-1.7,-9.4,False,71647141285,19.3,-7.6,-1.3,False,27.9,-0.3,3.5,,1.9,2026-09-22 11:38 UTC
S32.AX,S32,ASX,South32,Materials,ASX,4.88,91.4,0.6,410.3,False,21869358324,20.1,-8.4,1.0,False,43.7,0.1,18.7,0.05,19.3,2026-09-22 11:38 UTC
MRK,MRK,US,Merck & Co.,Health Care,NYSE,149.5,91.4,1.3,6.6,False,368842159881,20.2,-4.7,3.1,False,74.8,-1.5,28.1,3.04,29.4,2026-09-22 11:38 UTC
APA,APA,US,APA Corporation,Energy,NASDAQ,43.81,92.0,-8.4,78.4,False,15348900134,10.7,-7.7,-7.0,False,40.6,-3.6,16.1,0.14,7.7,2026-09-22 11:38 UTC
KEYS,KEYS,US,Keysight Technologies,Information Technology,NYSE,342.03,92.3,8.0,38.4,False,58228809925,68.5,-8.8,-0.3,True,62.1,-0.8,15.8,1.78,23.8,2026-09-22 11:38 UTC
CNC,CNC,US,Centene Corporation,Health Care,NYSE,64.99,98.7,19.4,-301.9,True,32104733995,,-6.7,10.5,True,7.1,-3.2,-3.4,,16.0,2026-09-22 11:38 UTC
FIX,FIX,US,Comfort Systems USA,Industrials,NYSE,1632.59,99.1,29.5,95.7,False,57457908379,56.2,-21.3,30.0,False,24.1,3.1,11.2,0.59,40.7,2026-09-22 11:38 UTC
CRWD,CRWD,US,CrowdStrike,Information Technology,NASDAQ,249.35,102.3,21.7,-966.2,False,255318159102,,-0.4,29.0,False,74.7,-0.3,-3.4,,18.3,2026-09-22 11:38 UTC
GLW,GLW,US,Corning Inc.,Information Technology,NYSE,158.98,102.6,19.1,215.4,False,136943513182,85.8,-41.5,3.3,True,36.0,3.4,10.2,0.4,29.4,2026-09-22 11:38 UTC
FTNT,FTNT,US,Fortinet,Information Technology,NASDAQ,175.23,106.1,14.2,6.2,False,128568640280,69.4,-0.5,15.5,True,80.5,-0.1,27.3,11.19,41.4,2026-09-22 11:38 UTC
PSX,PSX,US,Phillips 66,Energy,NYSE,261.75,108.0,-7.5,108.0,False,104443724763,23.7,-5.5,-8.0,False,9.8,2.3,3.3,0.22,-4.2,2026-09-22 11:38 UTC
MPC,MPC,US,Marathon Petroleum,Energy,NYSE,402.38,118.5,-4.4,17.5,False,112998269507,27.9,-6.7,-9.2,True,7.5,0.8,3.0,1.6,-1.4,2026-09-22 11:38 UTC
LRCX,LRCX,US,Lam Research,Information Technology,NASDAQ,302.28,129.9,26.0,35.6,False,378249310353,52.1,-31.1,10.1,True,50.5,1.8,31.3,1.46,57.3,2026-09-22 11:38 UTC
AMAT,AMAT,US,Applied Materials,Information Technology,NASDAQ,464.24,132.8,4.4,-2.5,False,368419669188,52.6,-37.2,3.2,True,48.7,1.2,24.7,,29.1,2026-09-22 11:38 UTC
PDI.AX,PDI,ASX,Predictive Discovery,Materials,ASX,4.81,134.6,,22.8,False,4753107009,,-7.9,,,,,,,,2026-09-22 11:38 UTC
ILMN,ILMN,US,"Illumina, Inc.",Health Care,NASDAQ,238.82,135.3,-0.7,169.5,False,36061821106,42.4,-4.5,-1.8,True,66.1,0.6,19.6,0.25,18.9,2026-09-22 11:38 UTC
VLO,VLO,US,Valero Energy,Energy,NYSE,393.27,141.3,-5.5,-15.2,False,113233229424,48.2,-6.1,-11.4,True,4.4,0.7,1.9,,-3.6,2026-09-22 11:38 UTC
HPE,HPE,US,Hewlett Packard Enterprise,Information Technology,NYSE,61.75,149.9,13.8,-97.8,False,81970950103,1438.1,-3.9,6.4,True,30.3,-2.5,0.2,,14.0,2026-09-22 11:38 UTC
CIEN,CIEN,US,Ciena,Information Technology,NYSE,365.96,162.7,18.8,46.9,False,51896246597,420.8,-42.6,9.5,True,42.0,-0.8,2.6,8.97,21.4,2026-09-22 11:38 UTC
4DX.AX,4DX,ASX,4DMedical,Healthcare,ASX,3.99,163.4,,,False,2400270698,,-47.2,,,,,,,,2026-09-22 11:38 UTC
COHR,COHR,US,Coherent Corp.,Information Technology,NYSE,321.52,180.6,22.5,1530.7,False,62963981582,78.2,-26.9,11.3,False,37.5,2.3,11.3,0.05,33.8,2026-09-22 11:38 UTC
TER,TER,US,Teradyne,Information Technology,NASDAQ,381.54,182.8,13.1,2.2,False,59650251091,107.7,-21.8,0.4,True,58.2,-0.3,17.4,50.02,30.5,2026-09-22 11:38 UTC
BE,BE,US,Bloom Energy,Industrials,NYSE,272.89,216.3,37.3,-202.6,False,80373571764,,-22.3,19.1,True,29.0,1.6,-4.4,,33.0,2026-09-22 11:38 UTC
MRVL,MRVL,US,Marvell Technology,Information Technology,NASDAQ,257.38,241.5,42.1,401.7,False,231308597682,86.6,-22.0,11.4,True,51.0,9.7,32.6,0.22,74.7,2026-09-22 11:38 UTC
AMD,AMD,US,Advanced Micro Devices,Information Technology,NASDAQ,615.52,285.2,34.3,164.2,False,1004821069736,231.8,-0.2,13.6,True,49.5,0.2,12.5,1.41,46.9,2026-09-22 11:38 UTC
STX,STX,US,Seagate Technology,Information Technology,NASDAQ,877.33,285.7,34.1,116.7,False,199498716859,62.7,-23.4,18.2,False,45.6,10.4,26.1,0.54,60.2,2026-09-22 11:38 UTC
WDC,WDC,US,Western Digital,Information Technology,NASDAQ,448.17,299.4,35.7,399.6,False,161583639714,17.4,-44.0,27.4,False,48.9,10.1,72.0,0.04,107.7,2026-09-22 11:38 UTC
INTC,INTC,US,Intel,Information Technology,NASDAQ,121.78,323.4,-0.5,98.6,False,639896208226,,-14.5,-5.7,True,34.8,2.1,-0.5,,-1.0,2026-09-22 11:38 UTC
DELL,DELL,US,Dell Technologies,Information Technology,NYSE,575.31,329.4,18.8,29.3,False,365789431650,61.6,-3.4,3.5,True,20.0,-2.2,5.2,2.11,24.0,2026-09-22 11:38 UTC
LITE,LITE,US,Lumentum,Information Technology,NASDAQ,954.49,479.5,83.2,-26876.4,True,85617752124,,-12.1,19.5,True,41.7,13.7,-230.1,,-146.9,2026-09-22 11:38 UTC
MU,MU,US,Micron Technology,Information Technology,NASDAQ,1043.96,535.2,48.9,997.6,False,1179041229801,138.1,-16.8,6.7,False,39.8,17.4,22.8,0.14,71.7,2026-09-22 11:38 UTC
MRNA,MRNA,US,Moderna,Health Care,NASDAQ,172.94,551.1,-39.9,20.8,False,69043855618,,-2.2,-53.3,True,54.8,0.6,-146.8,,-186.7,2026-09-22 11:38 UTC
SNDK,SNDK,US,Sandisk,Information Technology,NASDAQ,1766.64,1616.5,175.3,796.7,False,258669666071,22.6,-25.0,49.3,True,71.5,41.4,56.5,0.03,231.8,2026-09-22 11:38 UTC
